date,close,open,high,low,volume
2003-05-30,2662.0,2928.0,3253.0,2579.0,1303155
2003-06-02,2383.0,2638.0,2661.0,2380.0,404628
2003-06-03,2374.0,2374.0,2488.0,2307.0,313751
2003-06-04,2278.0,2257.0,2430.0,2257.0,204472
2003-06-05,2339.0,2277.0,2441.0,2277.0,363690
2003-06-09,2245.0,2345.0,2368.0,2239.0,177611
2003-06-10,2234.0,2227.0,2330.0,2222.0,270450
2003-06-11,2372.0,2286.0,2465.0,2263.0,568154
2003-06-12,2316.0,2400.0,2430.0,2295.0,218080
2003-06-13,2263.0,2321.0,2336.0,2248.0,204023
2003-06-16,2260.0,2245.0,2274.0,2239.0,91106
2003-06-17,2245.0,2289.0,2304.0,2242.0,121995
2003-06-18,2225.0,2233.0,2277.0,2224.0,108820
2003-06-19,2169.0,2233.0,2257.0,2154.0,90531
2003-06-20,2125.0,2169.0,2172.0,2122.0,94680
2003-06-23,2125.0,2131.0,2201.0,2113.0,81083
2003-06-24,2014.0,2054.0,2119.0,1999.0,67847
2003-06-25,1993.0,1966.0,2040.0,1966.0,71473
2003-06-26,1967.0,1972.0,2016.0,1961.0,52262
2003-06-27,1967.0,1981.0,1999.0,1958.0,42160
2003-06-30,2067.0,1975.0,2090.0,1975.0,158064
2003-07-01,2029.0,2081.0,2090.0,2013.0,62813
2003-07-02,2093.0,2052.0,2095.0,2052.0,135530
2003-07-03,2169.0,2125.0,2216.0,2081.0,653590
2003-07-04,2328.0,2175.0,2359.0,2175.0,404429
2003-07-07,2333.0,2353.0,2353.0,2142.0,232394
2003-07-08,2374.0,2327.0,2403.0,2257.0,337578
2003-07-09,2348.0,2380.0,2389.0,2339.0,169489
2003-07-10,2418.0,2362.0,2447.0,2286.0,187201
2003-07-11,2536.0,2433.0,2600.0,2365.0,205747
2003-07-14,2512.0,2608.0,2608.0,2482.0,300278
2003-07-15,2266.0,2535.0,2535.0,2266.0,219209
2003-07-16,2287.0,2286.0,2359.0,2283.0,159055
2003-07-18,2263.0,2163.0,2327.0,2163.0,96658
2003-07-21,2155.0,2242.0,2309.0,2154.0,82443
2003-07-22,2058.0,2066.0,2151.0,2013.0,95545
2003-07-23,2037.0,2072.0,2107.0,2037.0,35558
2003-07-24,2122.0,2002.0,2122.0,2002.0,78397
2003-07-25,2096.0,2110.0,2110.0,2063.0,44993
2003-07-28,2081.0,2101.0,2139.0,2075.0,71294
2003-07-29,2196.0,2104.0,2239.0,2072.0,187351
2003-07-30,2108.0,2198.0,2204.0,2107.0,68208
2003-07-31,2073.0,2095.0,2163.0,2060.0,78216
2003-08-01,2073.0,2075.0,2104.0,2060.0,148980
2003-08-04,2026.0,2104.0,2125.0,2019.0,112343
2003-08-05,2023.0,2057.0,2090.0,2016.0,94680
2003-08-06,2081.0,1978.0,2081.0,1969.0,83252
2003-08-07,2037.0,2040.0,2078.0,2025.0,64009
2003-08-08,1990.0,2019.0,2037.0,1987.0,64304
2003-08-11,1967.0,1966.0,2010.0,1961.0,45880
2003-08-12,1970.0,1952.0,1981.0,1946.0,59174
2003-08-13,1932.0,1978.0,1981.0,1911.0,87733
2003-08-14,1826.0,1920.0,1920.0,1805.0,103303
2003-08-18,2043.0,1996.0,2043.0,1943.0,154773
2003-08-19,2049.0,2139.0,2139.0,1987.0,278752
2003-08-20,1944.0,2049.0,2052.0,1940.0,106261
2003-08-21,2078.0,2005.0,2113.0,1964.0,272032
2003-08-22,1993.0,2104.0,2110.0,1984.0,116776
2003-08-25,1958.0,1958.0,2022.0,1920.0,82973
2003-08-26,1920.0,1934.0,1964.0,1893.0,54551
2003-08-27,1838.0,1890.0,1928.0,1832.0,88916
2003-08-28,1847.0,1840.0,1893.0,1840.0,56468
2003-08-29,1867.0,1849.0,1893.0,1849.0,42846
2003-09-01,1847.0,1867.0,1884.0,1846.0,70549
2003-09-02,1870.0,1861.0,1908.0,1846.0,112777
2003-09-03,1876.0,1893.0,1905.0,1855.0,126228
2003-09-04,1832.0,1884.0,1905.0,1829.0,67838
2003-09-05,1791.0,1823.0,1840.0,1761.0,90425
2003-09-08,1815.0,1776.0,1829.0,1776.0,38361
2003-09-09,1788.0,1817.0,1817.0,1788.0,56264
2003-09-15,1815.0,1802.0,1829.0,1770.0,30606
2003-09-16,1864.0,1817.0,1884.0,1814.0,67723
2003-09-17,1859.0,1864.0,1896.0,1835.0,33819
2003-09-18,1829.0,1799.0,1846.0,1799.0,24055
2003-09-19,1803.0,1829.0,1858.0,1779.0,41363
2003-09-22,1759.0,1785.0,1814.0,1744.0,36324
2003-09-23,1747.0,1714.0,1785.0,1714.0,35261
2003-09-24,1756.0,1744.0,1782.0,1744.0,23774
2003-09-25,1735.0,1729.0,1761.0,1700.0,41893
2003-09-26,1756.0,1732.0,1832.0,1732.0,40216
2003-09-29,1870.0,1764.0,1893.0,1764.0,79940
2003-09-30,1864.0,1864.0,1879.0,1826.0,56761
2003-10-01,1944.0,1852.0,1969.0,1852.0,136604
2003-10-02,1935.0,1978.0,1984.0,1920.0,56130
2003-10-06,1905.0,1934.0,1943.0,1876.0,58044
2003-10-07,1935.0,1905.0,1934.0,1846.0,76705
2003-10-08,1926.0,1949.0,1949.0,1908.0,25777
2003-10-09,1923.0,1943.0,1943.0,1876.0,29365
2003-10-10,1923.0,1896.0,1925.0,1876.0,53047
2003-10-13,1908.0,1925.0,1925.0,1876.0,28616
2003-10-14,1879.0,1905.0,1908.0,1879.0,35167
2003-10-15,1905.0,1890.0,1923.0,1876.0,70699
2003-10-16,1964.0,1881.0,2008.0,1876.0,130550
2003-10-17,1976.0,1943.0,1999.0,1925.0,67808
2003-10-20,2023.0,1993.0,2081.0,1993.0,186220
2003-10-21,2084.0,2013.0,2084.0,1981.0,111647
2003-10-22,2017.0,2087.0,2093.0,2016.0,59442
2003-10-23,2011.0,1920.0,2010.0,1920.0,99039
2003-10-24,2052.0,2005.0,2075.0,1978.0,66675
2003-10-27,2023.0,2063.0,2063.0,1978.0,46100
2003-10-28,2052.0,2052.0,2054.0,1996.0,99124
2003-10-29,2011.0,2046.0,2066.0,1999.0,38247
2003-10-30,1949.0,1999.0,2010.0,1937.0,38596
2003-10-31,1882.0,1920.0,1934.0,1876.0,31536
2003-11-03,1841.0,1884.0,1905.0,1838.0,22272
2003-11-04,1847.0,1820.0,1890.0,1820.0,31905
2003-11-05,1864.0,1820.0,1873.0,1820.0,9648
2003-11-06,1850.0,1829.0,1905.0,1829.0,45555
2003-11-07,1850.0,1852.0,1879.0,1835.0,10436
2003-11-10,1847.0,1849.0,1849.0,1820.0,12516
2003-11-11,1803.0,1817.0,1858.0,1791.0,20393
2003-11-12,1826.0,1846.0,1846.0,1788.0,33564
2003-11-13,1815.0,1817.0,1832.0,1791.0,19976
2003-11-14,1803.0,1796.0,1840.0,1791.0,9740
2003-11-17,1812.0,1796.0,1823.0,1788.0,8826
2003-11-18,1809.0,1773.0,1808.0,1761.0,23660
2003-11-19,1774.0,1767.0,1808.0,1761.0,11647
2003-11-20,1741.0,1761.0,1796.0,1735.0,13472
2003-11-21,1700.0,1717.0,1729.0,1682.0,32404
2003-11-24,1627.0,1685.0,1685.0,1626.0,7990
2003-11-25,1615.0,1606.0,1670.0,1606.0,9743
2003-11-26,1689.0,1591.0,1706.0,1591.0,11274
2003-11-27,1642.0,1685.0,1685.0,1624.0,5735
2003-11-28,1650.0,1685.0,1685.0,1618.0,8494
2003-12-01,1642.0,1670.0,1670.0,1624.0,16401
2003-12-02,1636.0,1641.0,1667.0,1612.0,11028
2003-12-03,1744.0,1621.0,1829.0,1621.0,50708
2003-12-04,1744.0,1770.0,1770.0,1709.0,12738
2003-12-05,1680.0,1709.0,1726.0,1670.0,9057
2003-12-08,1639.0,1621.0,1697.0,1612.0,12786
2003-12-09,1618.0,1615.0,1650.0,1615.0,15411
2003-12-10,1624.0,1618.0,1626.0,1612.0,6629
2003-12-11,1621.0,1626.0,1626.0,1606.0,11164
2003-12-12,1642.0,1615.0,1650.0,1612.0,18178
2003-12-15,1650.0,1665.0,1665.0,1635.0,6847
2003-12-16,1650.0,1650.0,1662.0,1621.0,13370
2003-12-17,1624.0,1650.0,1650.0,1624.0,7419
2003-12-18,1624.0,1618.0,1641.0,1612.0,10026
2003-12-19,1574.0,1624.0,1647.0,1559.0,12068
2003-12-22,1542.0,1574.0,1588.0,1541.0,7985
2003-12-23,1606.0,1565.0,1673.0,1556.0,96984
2003-12-24,1601.0,1612.0,1635.0,1553.0,23564
2003-12-26,1606.0,1597.0,1606.0,1553.0,19653
2003-12-29,1583.0,1539.0,1650.0,1539.0,25822
2003-12-30,1633.0,1615.0,1632.0,1571.0,8744
2004-01-02,1612.0,1626.0,1626.0,1582.0,2771
2004-01-05,1606.0,1612.0,1618.0,1568.0,1621
2004-01-06,1609.0,1582.0,1621.0,1568.0,16290
2004-01-07,1583.0,1582.0,1612.0,1582.0,13661
2004-01-08,1560.0,1618.0,1618.0,1559.0,9927
2004-01-09,1554.0,1556.0,1580.0,1547.0,15746
2004-01-12,1557.0,1539.0,1597.0,1539.0,6975
2004-01-13,1536.0,1556.0,1556.0,1509.0,7226
2004-01-14,1477.0,1553.0,1553.0,1468.0,28938
2004-01-15,1504.0,1597.0,1597.0,1483.0,12271
2004-01-16,1469.0,1506.0,1506.0,1468.0,21441
2004-01-19,1477.0,1442.0,1489.0,1442.0,8627
2004-01-20,1472.0,1486.0,1486.0,1439.0,3240
2004-01-26,1464.0,1434.0,1492.0,1434.0,3232
2004-01-27,1439.0,1445.0,1471.0,1439.0,8671
2004-01-28,1423.0,1427.0,1471.0,1417.0,12117
2004-01-29,1495.0,1410.0,1495.0,1410.0,12003
2004-01-30,1504.0,1492.0,1521.0,1453.0,7995
2004-02-02,1458.0,1489.0,1489.0,1452.0,4171
2004-02-03,1466.0,1451.0,1480.0,1436.0,17102
2004-02-04,1463.0,1445.0,1483.0,1436.0,4723
2004-02-05,1445.0,1442.0,1468.0,1407.0,12170
2004-02-06,1416.0,1433.0,1451.0,1407.0,5974
2004-02-09,1414.0,1418.0,1456.0,1408.0,8990
2004-02-10,1406.0,1430.0,1430.0,1396.0,10619
2004-02-11,1407.0,1427.0,1427.0,1395.0,4670
2004-02-12,1403.0,1412.0,1412.0,1344.0,18401
2004-02-13,1363.0,1380.0,1407.0,1348.0,8369
2004-02-16,1348.0,1368.0,1371.0,1325.0,10870
2004-02-17,1348.0,1354.0,1374.0,1325.0,17714
2004-02-18,1346.0,1348.0,1368.0,1325.0,7111
2004-02-19,1319.0,1327.0,1339.0,1313.0,21435
2004-02-20,1372.0,1313.0,1371.0,1313.0,41586
2004-02-23,1368.0,1367.0,1389.0,1344.0,8910
2004-02-24,1348.0,1389.0,1389.0,1333.0,5240
2004-02-25,1347.0,1368.0,1368.0,1332.0,5972
2004-02-26,1291.0,1298.0,1322.0,1285.0,12095
2004-02-27,1306.0,1354.0,1354.0,1297.0,8232
2004-03-02,1313.0,1307.0,1316.0,1289.0,3340
2004-03-03,1469.0,1363.0,1468.0,1363.0,138471
2004-03-04,1645.0,1644.0,1644.0,1562.0,395106
2004-03-05,1606.0,1726.0,1782.0,1518.0,619157
2004-03-08,1416.0,1582.0,1582.0,1415.0,229767
2004-03-09,1329.0,1418.0,1430.0,1285.0,116432
2004-03-10,1331.0,1325.0,1418.0,1304.0,154340
2004-03-11,1287.0,1319.0,1327.0,1266.0,58558
2004-03-12,1199.0,1289.0,1319.0,1131.0,71454
2004-03-15,1231.0,1231.0,1242.0,1210.0,43825
2004-03-16,1202.0,1210.0,1228.0,1201.0,24035
2004-03-17,1346.0,1213.0,1345.0,1213.0,80381
2004-03-18,1325.0,1348.0,1371.0,1275.0,43232
2004-03-19,1351.0,1325.0,1401.0,1325.0,32404
2004-03-22,1348.0,1374.0,1374.0,1322.0,14731
2004-03-23,1340.0,1360.0,1360.0,1325.0,7782
2004-03-24,1326.0,1342.0,1354.0,1320.0,13750
2004-03-25,1334.0,1333.0,1366.0,1319.0,10281
2004-03-26,1334.0,1348.0,1348.0,1319.0,4579
2004-03-29,1334.0,1307.0,1339.0,1307.0,5488
2004-03-30,1360.0,1404.0,1471.0,1357.0,36765
2004-03-31,1334.0,1363.0,1398.0,1304.0,6253
2004-04-01,1378.0,1401.0,1407.0,1325.0,15401
2004-04-02,1406.0,1361.0,1402.0,1349.0,12361
2004-04-06,1419.0,1386.0,1433.0,1386.0,15791
2004-04-07,1429.0,1414.0,1439.0,1408.0,6511
2004-04-08,1448.0,1445.0,1547.0,1442.0,23399
2004-04-09,1416.0,1448.0,1492.0,1392.0,462
2004-04-12,1410.0,1415.0,1462.0,1407.0,3905
2004-04-13,1410.0,1407.0,1448.0,1348.0,17890
2004-04-14,1436.0,1433.0,1465.0,1410.0,15823
2004-04-16,1469.0,1465.0,1474.0,1439.0,16957
2004-04-19,1486.0,1468.0,1492.0,1462.0,5291
2004-04-20,1489.0,1465.0,1518.0,1465.0,10898
2004-04-21,1489.0,1492.0,1492.0,1465.0,11521
2004-04-22,1483.0,1495.0,1495.0,1421.0,4909
2004-04-23,1466.0,1483.0,1506.0,1398.0,9732
2004-04-26,1642.0,1492.0,1641.0,1471.0,219874
2004-04-27,1642.0,1656.0,1776.0,1527.0,65448
2004-04-28,1642.0,1676.0,1700.0,1626.0,18184
2004-04-29,1560.0,1559.0,1691.0,1483.0,40545
2004-04-30,1527.0,1638.0,1638.0,1515.0,4334
2004-05-03,1557.0,1495.0,1635.0,1495.0,11229
2004-05-04,1583.0,1635.0,1635.0,1571.0,16849
2004-05-06,1571.0,1641.0,1641.0,1524.0,1807
2004-05-07,1477.0,1509.0,1571.0,1407.0,12913
2004-05-10,1422.0,1436.0,1477.0,1392.0,13196
2004-05-11,1445.0,1348.0,1451.0,1348.0,5621
2004-05-12,1422.0,1412.0,1459.0,1392.0,4837
2004-05-13,1451.0,1453.0,1453.0,1377.0,5605
2004-05-14,1436.0,1462.0,1462.0,1415.0,365
2004-05-17,1451.0,1415.0,1451.0,1348.0,3362
2004-05-18,1433.0,1351.0,1442.0,1351.0,11219
2004-05-19,1436.0,1412.0,1462.0,1354.0,4474
2004-05-20,1426.0,1361.0,1430.0,1344.0,2819
2004-05-21,1436.0,1451.0,1451.0,1377.0,1709
2004-05-24,1454.0,1439.0,1465.0,1377.0,757
2004-05-25,1436.0,1392.0,1436.0,1392.0,417
2004-05-27,1451.0,1377.0,1456.0,1357.0,8187
2004-05-28,1432.0,1442.0,1442.0,1361.0,1173
2004-05-31,1436.0,1377.0,1436.0,1377.0,206
2004-06-01,1428.0,1430.0,1430.0,1380.0,371
2004-06-02,1436.0,1436.0,1436.0,1377.0,2080
2004-06-03,1460.0,1421.0,1465.0,1415.0,1736
2004-06-04,1447.0,1446.0,1446.0,1349.0,2999
2004-06-07,1442.0,1395.0,1453.0,1383.0,879
2004-06-08,1444.0,1376.0,1448.0,1376.0,1553
2004-06-09,1448.0,1383.0,1456.0,1383.0,5892
2004-06-10,1435.0,1439.0,1442.0,1417.0,4903
2004-06-11,1407.0,1459.0,1459.0,1377.0,9313
2004-06-14,1451.0,1348.0,1451.0,1348.0,18699
2004-06-15,1624.0,1624.0,1624.0,1530.0,350767
2004-06-16,1562.0,1785.0,1817.0,1556.0,746123
2004-06-17,1407.0,1574.0,1582.0,1395.0,183540
2004-06-18,1304.0,1380.0,1448.0,1281.0,132318
2004-06-21,1262.0,1289.0,1330.0,1253.0,76787
2004-06-22,1202.0,1216.0,1254.0,1201.0,49580
2004-06-23,1231.0,1190.0,1313.0,1190.0,36327
2004-06-24,1265.0,1226.0,1264.0,1215.0,22538
2004-06-25,1265.0,1259.0,1283.0,1244.0,11693
2004-06-28,1266.0,1263.0,1283.0,1260.0,16806
2004-06-29,1237.0,1263.0,1263.0,1172.0,11407
2004-06-30,1304.0,1237.0,1383.0,1237.0,57518
2004-07-01,1310.0,1310.0,1363.0,1283.0,15772
2004-07-02,1398.0,1310.0,1398.0,1263.0,20640
2004-07-05,1373.0,1317.0,1424.0,1317.0,25402
2004-07-06,1536.0,1412.0,1536.0,1412.0,135506
2004-07-07,1536.0,1641.0,1653.0,1536.0,271090
2004-07-08,1486.0,1512.0,1553.0,1451.0,75365
2004-07-09,1407.0,1509.0,1568.0,1407.0,58394
2004-07-12,1346.0,1377.0,1412.0,1336.0,79494
2004-07-13,1291.0,1327.0,1348.0,1259.0,49424
2004-07-14,1249.0,1275.0,1304.0,1248.0,19736
2004-07-15,1258.0,1231.0,1289.0,1231.0,15861
2004-07-16,1269.0,1234.0,1269.0,1231.0,35036
2004-07-19,1319.0,1245.0,1342.0,1245.0,15988
2004-07-20,1319.0,1333.0,1377.0,1319.0,18630
2004-07-21,1328.0,1345.0,1345.0,1260.0,3956
2004-07-22,1318.0,1322.0,1322.0,1256.0,8443
2004-07-23,1316.0,1260.0,1316.0,1260.0,12412
2004-07-26,1319.0,1275.0,1327.0,1269.0,19185
2004-07-27,1304.0,1289.0,1327.0,1289.0,14345
2004-07-28,1304.0,1304.0,1322.0,1283.0,15005
2004-07-29,1390.0,1292.0,1424.0,1292.0,18796
2004-07-30,1322.0,1368.0,1386.0,1304.0,8610
2004-08-02,1319.0,1322.0,1371.0,1245.0,12783
2004-08-03,1356.0,1352.0,1352.0,1314.0,15653
2004-08-04,1375.0,1392.0,1392.0,1319.0,5187
2004-08-05,1370.0,1320.0,1383.0,1320.0,3874
2004-08-06,1365.0,1366.0,1366.0,1329.0,4799
2004-08-09,1350.0,1300.0,1354.0,1300.0,4778
2004-08-10,1460.0,1509.0,1509.0,1430.0,32613
2004-08-11,1416.0,1459.0,1465.0,1377.0,21243
2004-08-12,1378.0,1568.0,1568.0,1377.0,19134
2004-08-13,1353.0,1349.0,1383.0,1317.0,6253
2004-08-16,1334.0,1348.0,1348.0,1301.0,5816
2004-08-17,1328.0,1304.0,1374.0,1304.0,6786
2004-08-18,1325.0,1319.0,1368.0,1307.0,1150
2004-08-19,1341.0,1300.0,1377.0,1300.0,2655
2004-08-20,1341.0,1300.0,1348.0,1300.0,2589
2004-08-23,1334.0,1327.0,1345.0,1316.0,1582
2004-08-24,1343.0,1357.0,1357.0,1301.0,684
2004-08-25,1334.0,1319.0,1339.0,1301.0,949
2004-08-26,1343.0,1348.0,1348.0,1295.0,3072
2004-08-27,1331.0,1310.0,1342.0,1295.0,1009
2004-08-30,1329.0,1342.0,1342.0,1300.0,2114
2004-08-31,1285.0,1327.0,1327.0,1279.0,3407
2004-09-01,1299.0,1283.0,1304.0,1278.0,1267
2004-09-02,1268.0,1272.0,1298.0,1256.0,6880
2004-09-03,1290.0,1304.0,1304.0,1260.0,10223
2004-09-06,1287.0,1269.0,1286.0,1266.0,6278
2004-09-07,1281.0,1263.0,1286.0,1260.0,10368
2004-09-08,1283.0,1283.0,1286.0,1261.0,2373
2004-09-09,1290.0,1263.0,1289.0,1263.0,3835
2004-09-10,1293.0,1289.0,1292.0,1275.0,5565
2004-09-13,1290.0,1275.0,1295.0,1275.0,2297
2004-09-14,1296.0,1301.0,1333.0,1289.0,1361
2004-09-15,1325.0,1295.0,1327.0,1289.0,7909
2004-09-16,1334.0,1339.0,1339.0,1319.0,6992
2004-09-17,1337.0,1319.0,1336.0,1304.0,2896
2004-09-20,1407.0,1339.0,1448.0,1339.0,4094
2004-09-21,1390.0,1404.0,1407.0,1354.0,1201
2004-09-22,1325.0,1319.0,1360.0,1319.0,9812
2004-09-23,1325.0,1330.0,1401.0,1319.0,1597
2004-09-24,1369.0,1389.0,1389.0,1325.0,65
2004-09-30,1376.0,1317.0,1430.0,1314.0,1743
2004-10-01,1363.0,1389.0,1389.0,1319.0,858
2004-10-04,1360.0,1371.0,1371.0,1319.0,1703
2004-10-05,1354.0,1319.0,1357.0,1319.0,3829
2004-10-06,1348.0,1348.0,1357.0,1336.0,15471
2004-10-07,1398.0,1351.0,1433.0,1351.0,2949
2004-10-08,1378.0,1383.0,1383.0,1345.0,6252
2004-10-11,1404.0,1366.0,1404.0,1357.0,736
2004-10-12,1407.0,1377.0,1407.0,1377.0,499
2004-10-13,1455.0,1382.0,1459.0,1382.0,8960
2004-10-14,1495.0,1483.0,1500.0,1410.0,29869
2004-10-15,1428.0,1480.0,1509.0,1427.0,5737
2004-10-18,1466.0,1410.0,1465.0,1407.0,5702
2004-10-19,1451.0,1451.0,1451.0,1424.0,1708
2004-10-20,1498.0,1439.0,1577.0,1439.0,2792
2004-10-21,1406.0,1500.0,1577.0,1338.0,45904
2004-10-22,1410.0,1354.0,1410.0,1354.0,8671
2004-10-25,1431.0,1407.0,1462.0,1407.0,7562
2004-10-26,1439.0,1430.0,1462.0,1407.0,1049
2004-10-27,1451.0,1424.0,1451.0,1421.0,4659
2004-10-28,1451.0,1386.0,1492.0,1386.0,5497
2004-10-29,1451.0,1427.0,1451.0,1427.0,2435
2004-11-01,1436.0,1471.0,1471.0,1395.0,5137
2004-11-02,1466.0,1410.0,1495.0,1410.0,2002
2004-11-03,1466.0,1415.0,1489.0,1415.0,4175
2004-11-04,1404.0,1533.0,1533.0,1404.0,5728
2004-11-05,1483.0,1492.0,1492.0,1451.0,11
2004-11-08,1480.0,1439.0,1483.0,1410.0,1206
2004-11-09,1498.0,1395.0,1497.0,1395.0,2
2004-11-10,1480.0,1410.0,1480.0,1410.0,2
2004-11-11,1477.0,1401.0,1477.0,1401.0,3346
2004-11-12,1463.0,1477.0,1547.0,1410.0,1397
2004-11-15,1451.0,1421.0,1524.0,1421.0,11531
2004-11-16,1413.0,1407.0,1480.0,1407.0,601
2004-11-17,1435.0,1393.0,1459.0,1393.0,908
2004-11-18,1438.0,1396.0,1456.0,1396.0,944
2004-11-19,1433.0,1407.0,1448.0,1380.0,829
2004-11-22,1445.0,1445.0,1445.0,1445.0,1
2004-11-23,1448.0,1395.0,1448.0,1395.0,2
2004-11-24,1495.0,1433.0,1521.0,1351.0,1623
2004-11-25,1413.0,1386.0,1465.0,1371.0,7846
2004-11-26,1392.0,1368.0,1430.0,1354.0,6491
2004-11-29,1436.0,1412.0,1453.0,1407.0,1076
2004-11-30,1442.0,1436.0,1445.0,1407.0,2873
2004-12-01,1460.0,1459.0,1459.0,1436.0,3407
2004-12-02,1460.0,1410.0,1465.0,1410.0,9
2004-12-03,1463.0,1412.0,1462.0,1410.0,319
2004-12-06,1466.0,1459.0,1480.0,1436.0,2200
2004-12-07,1464.0,1432.0,1497.0,1393.0,8801
2004-12-08,1448.0,1421.0,1465.0,1407.0,852
2004-12-09,1477.0,1412.0,1477.0,1412.0,7168
2004-12-10,1451.0,1451.0,1451.0,1451.0,0
2004-12-13,1451.0,1465.0,1465.0,1407.0,9490
2004-12-14,1475.0,1445.0,1474.0,1445.0,700
2004-12-15,1486.0,1415.0,1486.0,1415.0,2732
2004-12-16,1486.0,1442.0,1486.0,1442.0,192
2004-12-17,1472.0,1442.0,1521.0,1442.0,13384
2004-12-20,1489.0,1518.0,1518.0,1465.0,1204
2004-12-21,1480.0,1459.0,1480.0,1459.0,5887
2004-12-22,1483.0,1465.0,1527.0,1459.0,1727
2004-12-23,1492.0,1530.0,1530.0,1465.0,1123
2004-12-24,1466.0,1489.0,1506.0,1465.0,1328
2004-12-27,1495.0,1506.0,1506.0,1442.0,545
2004-12-28,1469.0,1489.0,1489.0,1407.0,4769
2004-12-29,1466.0,1421.0,1480.0,1421.0,5313
2004-12-30,1464.0,1440.0,1458.0,1402.0,5509
2005-01-03,1466.0,1465.0,1465.0,1465.0,4602
2005-01-04,1495.0,1495.0,1495.0,1465.0,2548
2005-01-05,1480.0,1480.0,1480.0,1465.0,710
2005-01-06,1463.0,1509.0,1568.0,1418.0,6968
2005-01-07,1451.0,1465.0,1506.0,1439.0,533
2005-01-10,1466.0,1518.0,1518.0,1442.0,807
2005-01-11,1466.0,1509.0,1509.0,1453.0,943
2005-01-12,1450.0,1446.0,1483.0,1443.0,2896
2005-01-13,1472.0,1448.0,1471.0,1439.0,1909
2005-01-14,1480.0,1451.0,1480.0,1442.0,1007
2005-01-17,1466.0,1468.0,1492.0,1453.0,4823
2005-01-18,1475.0,1456.0,1489.0,1456.0,4090
2005-01-19,1486.0,1465.0,1486.0,1453.0,5041
2005-01-20,1486.0,1465.0,1486.0,1465.0,2178
2005-01-21,1458.0,1480.0,1480.0,1452.0,2867
2005-01-24,1445.0,1465.0,1495.0,1439.0,7148
2005-01-25,1466.0,1451.0,1465.0,1445.0,3328
2005-01-26,1477.0,1451.0,1477.0,1445.0,5891
2005-01-27,1542.0,1477.0,1621.0,1477.0,76123
2005-01-28,1727.0,1553.0,1726.0,1553.0,286913
2005-01-31,1894.0,1846.0,1928.0,1817.0,216698
2005-02-01,1776.0,2025.0,2025.0,1709.0,175914
2005-02-02,1577.0,1732.0,1776.0,1571.0,59404
2005-02-03,1639.0,1553.0,1641.0,1553.0,92947
2005-02-04,1677.0,1670.0,1676.0,1597.0,32735
2005-02-07,1656.0,1691.0,1720.0,1615.0,22231
2005-02-11,1715.0,1635.0,1720.0,1635.0,34258
2005-02-14,1732.0,1761.0,1761.0,1691.0,47807
2005-02-15,1642.0,1732.0,1735.0,1632.0,58721
2005-02-16,1642.0,1659.0,1685.0,1606.0,24655
2005-02-17,1700.0,1638.0,1758.0,1615.0,72795
2005-02-18,1680.0,1700.0,1723.0,1659.0,24053
2005-02-21,1601.0,1665.0,1729.0,1512.0,28170
2005-02-22,1554.0,1582.0,1629.0,1539.0,37195
2005-02-23,1513.0,1539.0,1609.0,1495.0,38007
2005-02-24,1565.0,1553.0,1612.0,1539.0,41889
2005-02-25,1568.0,1612.0,1612.0,1527.0,22917
2005-02-28,1524.0,1550.0,1574.0,1509.0,44296
2005-03-02,1477.0,1530.0,1568.0,1465.0,53718
2005-03-03,1518.0,1509.0,1568.0,1495.0,48014
2005-03-04,1507.0,1518.0,1518.0,1471.0,56785
2005-03-07,1557.0,1509.0,1568.0,1486.0,56291
2005-03-08,1741.0,1741.0,1741.0,1741.0,135835
2005-03-09,1949.0,1949.0,1949.0,1911.0,446030
2005-03-10,1905.0,1964.0,2125.0,1770.0,843459
2005-03-11,1861.0,1952.0,1958.0,1820.0,350790
2005-03-14,1747.0,1861.0,1890.0,1747.0,238961
2005-03-15,1730.0,1747.0,1791.0,1714.0,178602
2005-03-16,1753.0,1741.0,1767.0,1688.0,150189
2005-03-17,1612.0,1750.0,1750.0,1553.0,194320
2005-03-18,1554.0,1641.0,1650.0,1544.0,133199
2005-03-21,1498.0,1539.0,1565.0,1483.0,131900
2005-03-22,1536.0,1497.0,1536.0,1489.0,63448
2005-03-23,1565.0,1512.0,1565.0,1468.0,81757
2005-03-24,1601.0,1597.0,1644.0,1539.0,148631
2005-03-25,1592.0,1670.0,1776.0,1591.0,304895
2005-03-28,1530.0,1609.0,1609.0,1530.0,80415
2005-03-29,1498.0,1524.0,1544.0,1497.0,60673
2005-03-30,1495.0,1483.0,1550.0,1483.0,40843
2005-03-31,1492.0,1489.0,1512.0,1486.0,45243
2005-04-01,1504.0,1506.0,1512.0,1489.0,30584
2005-04-04,1486.0,1518.0,1518.0,1486.0,34597
2005-04-06,1516.0,1497.0,1568.0,1492.0,46310
2005-04-07,1548.0,1527.0,1547.0,1512.0,31810
2005-04-08,1516.0,1568.0,1568.0,1515.0,17663
2005-04-11,1524.0,1515.0,1533.0,1503.0,8157
2005-04-12,1516.0,1524.0,1524.0,1492.0,20145
2005-04-13,1501.0,1500.0,1533.0,1483.0,23146
2005-04-14,1466.0,1497.0,1497.0,1465.0,33242
2005-04-15,1466.0,1448.0,1486.0,1448.0,12261
2005-04-18,1378.0,1459.0,1462.0,1377.0,37050
2005-04-19,1404.0,1368.0,1404.0,1366.0,21183
2005-04-20,1416.0,1380.0,1445.0,1380.0,20834
2005-04-21,1411.0,1390.0,1421.0,1379.0,8774
2005-04-22,1419.0,1421.0,1436.0,1407.0,17603
2005-04-25,1419.0,1398.0,1433.0,1398.0,17890
2005-04-26,1401.0,1401.0,1427.0,1401.0,11821
2005-04-27,1391.0,1401.0,1412.0,1379.0,12306
2005-04-28,1384.0,1368.0,1404.0,1368.0,8131
2005-04-29,1410.0,1377.0,1415.0,1371.0,10332
2005-05-02,1410.0,1445.0,1445.0,1392.0,4363
2005-05-03,1390.0,1383.0,1412.0,1377.0,7299
2005-05-04,1406.0,1405.0,1405.0,1376.0,3603
2005-05-06,1390.0,1383.0,1407.0,1363.0,19701
2005-05-09,1288.0,1366.0,1366.0,1176.0,24410
2005-05-10,1329.0,1297.0,1339.0,1291.0,12330
2005-05-11,1294.0,1330.0,1330.0,1273.0,7445
2005-05-12,1296.0,1281.0,1327.0,1278.0,11743
2005-05-13,1304.0,1278.0,1304.0,1278.0,4690
2005-05-16,1318.0,1297.0,1314.0,1294.0,3902
2005-05-17,1346.0,1322.0,1357.0,1313.0,3719
2005-05-18,1334.0,1345.0,1360.0,1319.0,3947
2005-05-19,1343.0,1333.0,1348.0,1319.0,5079
2005-05-20,1348.0,1348.0,1348.0,1319.0,2810
2005-05-23,1307.0,1357.0,1357.0,1272.0,11004
2005-05-24,1319.0,1292.0,1345.0,1292.0,2049
2005-05-25,1346.0,1392.0,1392.0,1325.0,7498
2005-05-26,1348.0,1366.0,1366.0,1330.0,7368
2005-05-27,1351.0,1348.0,1351.0,1330.0,5075
2005-05-30,1381.0,1351.0,1398.0,1348.0,9275
2005-05-31,1513.0,1407.0,1524.0,1392.0,39766
2005-06-01,1513.0,1465.0,1512.0,1451.0,23026
2005-06-02,1551.0,1518.0,1559.0,1471.0,18318
2005-06-03,1568.0,1568.0,1588.0,1500.0,45523
2005-06-07,1577.0,1577.0,1577.0,1524.0,16032
2005-06-08,1694.0,1585.0,1811.0,1585.0,98492
2005-06-09,1639.0,1723.0,1808.0,1638.0,73539
2005-06-10,1539.0,1662.0,1662.0,1524.0,31027
2005-06-13,1583.0,1518.0,1582.0,1518.0,12806
2005-06-14,1612.0,1568.0,1644.0,1568.0,17439
2005-06-15,1642.0,1641.0,1662.0,1597.0,8754
2005-06-16,1627.0,1597.0,1685.0,1597.0,8179
2005-06-17,1650.0,1685.0,1685.0,1621.0,10639
2005-06-20,1601.0,1650.0,1650.0,1556.0,12046
2005-06-21,1565.0,1635.0,1635.0,1553.0,7108
2005-06-22,1612.0,1568.0,1612.0,1553.0,21073
2005-06-23,1630.0,1577.0,1635.0,1577.0,19316
2005-06-24,1609.0,1612.0,1641.0,1556.0,19798
2005-06-27,1595.0,1553.0,1609.0,1550.0,15921
2005-06-28,1645.0,1635.0,1647.0,1568.0,12919
2005-06-29,1647.0,1618.0,1673.0,1606.0,29650
2005-06-30,1653.0,1650.0,1694.0,1582.0,21207
2005-07-01,1683.0,1632.0,1685.0,1629.0,12995
2005-07-04,1645.0,1641.0,1682.0,1638.0,17175
2005-07-05,1706.0,1641.0,1706.0,1629.0,34590
2005-07-06,1774.0,1729.0,1832.0,1685.0,30269
2005-07-07,1803.0,1747.0,1846.0,1747.0,70812
2005-07-08,1847.0,1802.0,1934.0,1802.0,64959
2005-07-11,1894.0,1849.0,1925.0,1849.0,70800
2005-07-12,1914.0,1928.0,1964.0,1861.0,103252
2005-07-13,1891.0,1905.0,1934.0,1870.0,42147
2005-07-14,1876.0,1958.0,1958.0,1846.0,37964
2005-07-15,1853.0,1849.0,1899.0,1817.0,30114
2005-07-18,1817.0,1820.0,1870.0,1802.0,28001
2005-07-19,1841.0,1829.0,1890.0,1817.0,47994
2005-07-20,1847.0,1829.0,1855.0,1829.0,15272
2005-07-21,1835.0,1832.0,1905.0,1832.0,30368
2005-07-22,1841.0,1817.0,1867.0,1817.0,14328
2005-07-25,1876.0,1899.0,1899.0,1855.0,39569
2005-07-26,1861.0,1861.0,1884.0,1846.0,42575
2005-07-27,1876.0,1849.0,1887.0,1849.0,30226
2005-07-28,1885.0,1876.0,1934.0,1876.0,39928
2005-07-29,1914.0,1902.0,1920.0,1876.0,47275
2005-08-01,1905.0,1931.0,1946.0,1902.0,36811
2005-08-02,1879.0,1879.0,1931.0,1876.0,25813
2005-08-03,1885.0,1879.0,1931.0,1879.0,16616
2005-08-04,1900.0,1864.0,1920.0,1864.0,36788
2005-08-05,2052.0,1902.0,2122.0,1884.0,117971
2005-08-08,2360.0,2095.0,2359.0,2095.0,338099
2005-08-09,2454.0,2541.0,2629.0,2359.0,425352
2005-08-10,2351.0,2330.0,2415.0,2286.0,161438
2005-08-11,2307.0,2359.0,2462.0,2307.0,203839
2005-08-12,2196.0,2389.0,2389.0,2134.0,318393
2005-08-16,2275.0,2227.0,2286.0,2207.0,182454
2005-08-17,2210.0,2204.0,2274.0,2090.0,92609
2005-08-18,2374.0,2213.0,2541.0,2213.0,462175
2005-08-19,2665.0,2406.0,2667.0,2351.0,273667
2005-08-22,3063.0,2784.0,3063.0,2673.0,713064
2005-08-23,2946.0,3048.0,3151.0,2881.0,284737
2005-08-24,2902.0,2896.0,3151.0,2896.0,289032
2005-08-25,2902.0,2822.0,3092.0,2820.0,253146
2005-08-26,2709.0,2872.0,2975.0,2708.0,140396
2005-08-29,2492.0,2588.0,2702.0,2418.0,174988
2005-08-30,2588.0,2506.0,2629.0,2485.0,103051
2005-08-31,2975.0,2497.0,2975.0,2497.0,434073
2005-09-01,3415.0,2990.0,3415.0,2990.0,646454
2005-09-02,3576.0,3503.0,3796.0,3415.0,784546
2005-09-05,3664.0,3576.0,3752.0,3459.0,396219
2005-09-06,3122.0,3722.0,3752.0,3121.0,875008
2005-09-07,3005.0,2922.0,3078.0,2814.0,1472322
2005-09-08,2876.0,3107.0,3195.0,2828.0,645025
2005-09-09,2685.0,2817.0,2837.0,2550.0,796641
2005-09-12,2612.0,2699.0,2749.0,2603.0,364170
2005-09-13,2404.0,2638.0,2658.0,2403.0,544262
2005-09-14,2433.0,2380.0,2453.0,2304.0,409242
2005-09-15,2462.0,2433.0,2594.0,2433.0,607316
2005-09-16,2339.0,2465.0,2485.0,2330.0,287211
2005-09-20,2374.0,2365.0,2374.0,2274.0,246817
2005-09-21,2418.0,2374.0,2491.0,2359.0,416347
2005-09-22,2374.0,2433.0,2480.0,2374.0,275016
2005-09-23,2316.0,2418.0,2427.0,2289.0,202033
2005-09-26,2313.0,2309.0,2351.0,2307.0,162047
2005-09-27,2410.0,2327.0,2418.0,2307.0,223874
2005-09-28,2506.0,2433.0,2576.0,2433.0,381117
2005-09-29,2717.0,2523.0,2735.0,2462.0,314830
2005-09-30,2726.0,2720.0,2890.0,2670.0,317839
2005-10-04,2735.0,2673.0,2796.0,2673.0,146082
2005-10-05,2814.0,2720.0,2843.0,2676.0,148989
2005-10-06,3225.0,2828.0,3224.0,2770.0,423408
2005-10-07,3386.0,3224.0,3591.0,3209.0,372105
2005-10-10,3547.0,3385.0,3591.0,3107.0,348131
2005-10-11,3752.0,3605.0,3781.0,3459.0,216262
2005-10-12,3635.0,3678.0,3752.0,3576.0,107320
2005-10-13,3635.0,3547.0,3634.0,3415.0,113568
2005-10-14,4045.0,3752.0,4162.0,3752.0,356216
2005-10-17,3928.0,3957.0,4045.0,3854.0,117690
2005-10-18,3928.0,3869.0,4235.0,3605.0,356199
2005-10-19,3913.0,3796.0,3913.0,3664.0,135567
2005-10-20,3664.0,3869.0,4074.0,3664.0,136574
2005-10-21,3840.0,3517.0,3884.0,3517.0,81030
2005-10-24,3957.0,3752.0,4060.0,3708.0,142324
2005-10-25,4001.0,3986.0,4133.0,3986.0,155970
2005-10-26,3855.0,4074.0,4074.0,3810.0,77436
2005-10-27,3679.0,3825.0,3913.0,3605.0,101245
2005-10-28,3547.0,3561.0,3708.0,3517.0,61300
2005-10-31,3444.0,3576.0,3766.0,3400.0,115122
2005-11-01,3650.0,3415.0,3649.0,3283.0,154281
2005-11-02,3811.0,3664.0,3898.0,3664.0,97077
2005-11-03,3752.0,3825.0,3869.0,3678.0,60149
2005-11-04,3518.0,3708.0,3781.0,3517.0,136883
2005-11-07,3503.0,3517.0,3664.0,3473.0,97659
2005-11-08,3723.0,3488.0,3898.0,3429.0,227207
2005-11-09,3899.0,3722.0,3928.0,3722.0,180538
2005-11-10,3899.0,4016.0,4016.0,3810.0,67130
2005-11-11,4133.0,3972.0,4133.0,3854.0,186491
2005-11-14,4104.0,4250.0,4338.0,3986.0,126986
2005-11-15,4001.0,4147.0,4147.0,3869.0,112611
2005-11-16,4251.0,4030.0,4382.0,4030.0,180816
2005-11-17,4148.0,4177.0,4265.0,4089.0,76232
2005-11-18,4309.0,4250.0,4309.0,4045.0,97267
2005-11-21,4412.0,4235.0,4485.0,4235.0,112028
2005-11-22,4397.0,4411.0,4455.0,4265.0,39310
2005-11-23,4602.0,4426.0,4602.0,4353.0,97661
2005-11-24,4192.0,4778.0,4924.0,4133.0,920412
2005-11-25,4280.0,4279.0,4382.0,3957.0,494118
2005-11-28,4251.0,4177.0,4294.0,4104.0,160893
2005-11-29,4133.0,4147.0,4265.0,4133.0,83346
2005-11-30,4251.0,4118.0,4250.0,4104.0,97103
2005-12-01,4368.0,4221.0,4426.0,4191.0,100879
2005-12-02,4397.0,4367.0,4455.0,4265.0,83708
2005-12-05,4383.0,4411.0,4455.0,4279.0,66167
2005-12-06,4148.0,4294.0,4338.0,4147.0,71672
2005-12-07,3943.0,4060.0,4177.0,3854.0,72835
2005-12-08,3928.0,3986.0,3986.0,3825.0,24694
2005-12-09,3987.0,3928.0,4045.0,3854.0,46394
2005-12-12,3899.0,3986.0,4045.0,3825.0,31773
2005-12-13,3928.0,3825.0,3942.0,3810.0,43567
2005-12-14,3928.0,3913.0,3972.0,3898.0,18864
2005-12-15,3957.0,3898.0,4001.0,3840.0,24664
2005-12-16,3870.0,3810.0,3869.0,3547.0,44676
2005-12-19,3796.0,3869.0,3913.0,3766.0,73738
2005-12-20,3708.0,3737.0,3810.0,3576.0,97446
2005-12-21,3283.0,3591.0,3664.0,3224.0,185109
2005-12-22,3078.0,3253.0,3341.0,3019.0,190040
2005-12-23,3195.0,3151.0,3327.0,2878.0,130434
2005-12-26,3078.0,3136.0,3209.0,3063.0,54904
2005-12-27,3137.0,3078.0,3224.0,2931.0,93665
2005-12-28,3049.0,3004.0,3239.0,3004.0,24257
2005-12-29,3313.0,3121.0,3312.0,3063.0,47742
2006-01-02,3488.0,3253.0,3503.0,3253.0,50594
2006-01-03,3400.0,3634.0,3634.0,3341.0,24259
2006-01-04,3342.0,3488.0,3488.0,3341.0,19812
2006-01-05,3327.0,3444.0,3444.0,3253.0,20793
2006-01-06,3283.0,3429.0,3429.0,3268.0,27588
2006-01-09,3313.0,3385.0,3385.0,3180.0,22653
2006-01-10,3166.0,3268.0,3283.0,3165.0,17372
2006-01-11,3225.0,3268.0,3268.0,3165.0,10474
2006-01-12,3225.0,3165.0,3253.0,3092.0,21881
2006-01-13,3181.0,3121.0,3312.0,3107.0,19000
2006-01-16,3122.0,3195.0,3224.0,3063.0,24379
2006-01-17,3063.0,3078.0,3151.0,3048.0,23025
2006-01-18,2873.0,2960.0,3136.0,2764.0,53698
2006-01-19,2873.0,2902.0,2902.0,2699.0,44221
2006-01-20,2682.0,2869.0,2869.0,2670.0,14644
2006-01-23,2518.0,2453.0,2667.0,2345.0,42575
2006-01-24,2638.0,2374.0,2746.0,2374.0,34548
2006-01-25,2653.0,2638.0,2814.0,2638.0,19485
2006-01-26,2668.0,2667.0,2784.0,2608.0,1604
2006-01-27,2682.0,2779.0,2779.0,2682.0,4064
2006-01-31,2794.0,2638.0,2814.0,2638.0,5431
2006-02-01,2756.0,2960.0,2960.0,2696.0,10886
2006-02-02,2817.0,2916.0,2916.0,2693.0,5672
2006-02-03,2758.0,2641.0,2869.0,2641.0,592
2006-02-06,2756.0,2553.0,2799.0,2550.0,12856
2006-02-07,2782.0,2699.0,2781.0,2641.0,8492
2006-02-08,2676.0,2655.0,2866.0,2655.0,8887
2006-02-09,2647.0,2693.0,2693.0,2641.0,1766
2006-02-10,2656.0,2647.0,2749.0,2614.0,5759
2006-02-13,2741.0,2732.0,2740.0,2655.0,7480
2006-02-14,2750.0,2679.0,2752.0,2667.0,6137
2006-02-15,2873.0,2726.0,2872.0,2667.0,35801
2006-02-16,3063.0,3107.0,3107.0,2843.0,19072
2006-02-17,3151.0,3195.0,3195.0,2931.0,18565
2006-02-20,3210.0,3092.0,3209.0,3078.0,15897
2006-02-21,3210.0,3224.0,3283.0,3107.0,10314
2006-02-22,3210.0,3121.0,3209.0,2884.0,24138
2006-02-23,3195.0,3209.0,3224.0,3048.0,7957
2006-02-24,3195.0,3195.0,3195.0,3078.0,4810
2006-02-27,3181.0,3195.0,3195.0,3034.0,4230
2006-02-28,3137.0,3195.0,3209.0,3121.0,7814
2006-03-02,3195.0,3092.0,3297.0,3092.0,4086
2006-03-03,3137.0,3107.0,3195.0,3078.0,5839
2006-03-06,3181.0,3195.0,3195.0,3034.0,4016
2006-03-07,2931.0,3063.0,3136.0,2905.0,34930
2006-03-08,2946.0,2843.0,2975.0,2843.0,4674
2006-03-09,2920.0,3019.0,3019.0,2919.0,3566
2006-03-10,2920.0,2960.0,2960.0,2916.0,3649
2006-03-13,2961.0,2919.0,2990.0,2919.0,2168
2006-03-14,3049.0,2931.0,3341.0,2931.0,30514
2006-03-15,2931.0,2990.0,3063.0,2931.0,5386
2006-03-16,2926.0,2946.0,3078.0,2922.0,4561
2006-03-17,2905.0,2881.0,2990.0,2711.0,7019
2006-03-20,2893.0,2814.0,2925.0,2814.0,2535
2006-03-21,2776.0,2928.0,2928.0,2746.0,5771
2006-03-22,2773.0,2732.0,2843.0,2732.0,2273
2006-03-23,2811.0,2931.0,2931.0,2732.0,2516
2006-03-24,2609.0,3019.0,3019.0,2608.0,4904
2006-03-27,2717.0,2614.0,2720.0,2614.0,3052
2006-03-28,2673.0,2899.0,2899.0,2650.0,843
2006-03-29,2700.0,2696.0,2746.0,2608.0,403
2006-03-30,2756.0,2644.0,2755.0,2644.0,2873
2006-03-31,2750.0,2779.0,2779.0,2693.0,641
2006-04-03,2715.0,2749.0,2755.0,2691.0,4496
2006-04-04,2767.0,2805.0,2805.0,2652.0,4520
2006-04-05,2756.0,2896.0,2896.0,2670.0,4177
2006-04-06,2779.0,2755.0,2781.0,2699.0,4536
2006-04-07,2864.0,2811.0,2872.0,2699.0,2497
2006-04-10,2776.0,2864.0,2899.0,2711.0,2201
2006-04-11,2706.0,2861.0,2861.0,2705.0,5108
2006-04-12,2682.0,2702.0,2732.0,2673.0,7696
2006-04-13,2756.0,2755.0,2828.0,2696.0,5991
2006-04-14,2715.0,2825.0,2825.0,2714.0,4050
2006-04-17,2688.0,2696.0,2781.0,2638.0,5900
2006-04-18,2735.0,2661.0,2737.0,2661.0,5722
2006-04-19,2712.0,2696.0,2781.0,2696.0,6501
2006-04-20,2682.0,2814.0,2814.0,2682.0,4227
2006-04-21,2668.0,2746.0,2746.0,2667.0,8162
2006-04-24,2638.0,2720.0,2720.0,2638.0,11670
2006-04-25,2679.0,2641.0,2693.0,2608.0,6804
2006-04-26,2694.0,2679.0,2696.0,2638.0,4686
2006-04-27,2665.0,2711.0,2711.0,2626.0,5160
2006-04-28,2703.0,2696.0,2975.0,2638.0,10088
2006-05-02,2697.0,2708.0,2708.0,2650.0,3886
2006-05-03,2697.0,2711.0,2711.0,2670.0,4060
2006-05-04,2638.0,2673.0,2673.0,2626.0,15898
2006-05-08,2694.0,2638.0,2781.0,2638.0,2045
2006-05-09,2635.0,2638.0,2723.0,2491.0,10300
2006-05-10,2530.0,2632.0,2632.0,2509.0,8321
2006-05-11,2527.0,2597.0,2597.0,2412.0,74393
2006-05-12,2468.0,2529.0,2708.0,2433.0,11815
2006-05-15,2413.0,2433.0,2462.0,2356.0,8298
2006-05-16,2313.0,2567.0,2567.0,2312.0,96939
2006-05-17,2146.0,2327.0,2333.0,2119.0,69067
2006-05-18,2075.0,2098.0,2148.0,2052.0,7260
2006-05-19,2134.0,2116.0,2169.0,2081.0,7474
2006-05-22,2090.0,2166.0,2166.0,2090.0,3809
2006-05-23,2075.0,2090.0,2139.0,1964.0,51163
2006-05-24,2052.0,2054.0,2134.0,2022.0,8744
2006-05-25,2029.0,2052.0,2134.0,1993.0,13860
2006-05-26,2034.0,1996.0,2043.0,1978.0,7718
2006-05-29,2125.0,1966.0,2125.0,1966.0,12862
2006-05-30,2108.0,2286.0,2286.0,1852.0,21636
2006-06-01,1964.0,2137.0,2137.0,1955.0,10433
2006-06-02,1949.0,2110.0,2110.0,1905.0,9124
2006-06-05,1926.0,1964.0,1964.0,1893.0,8214
2006-06-07,2020.0,1776.0,2037.0,1729.0,8760
2006-06-08,1879.0,1990.0,2019.0,1823.0,95322
2006-06-09,2014.0,1934.0,2016.0,1934.0,814
2006-06-12,1990.0,2063.0,2063.0,1767.0,2978
2006-06-13,2046.0,1964.0,2052.0,1961.0,1801
2006-06-14,2064.0,2134.0,2134.0,1911.0,1156
2006-06-15,2084.0,2134.0,2134.0,1964.0,165
2006-06-16,2184.0,2002.0,2183.0,2002.0,20593
2006-06-19,2029.0,2195.0,2195.0,1925.0,7138
2006-06-20,1908.0,2028.0,2081.0,1908.0,10036
2006-06-21,1976.0,2016.0,2131.0,1905.0,3348
2006-06-22,1973.0,1964.0,2019.0,1914.0,5609
2006-06-23,2023.0,2019.0,2101.0,1964.0,4151
2006-06-26,2128.0,2116.0,2137.0,1917.0,2742
2006-06-27,2105.0,2125.0,2125.0,2052.0,1011
2006-06-28,2049.0,2104.0,2104.0,1964.0,11644
2006-06-29,2093.0,2081.0,2134.0,1996.0,5194
2006-06-30,2166.0,2134.0,2166.0,2022.0,2268
2006-07-03,2184.0,2166.0,2257.0,2166.0,852
2006-07-04,2158.0,2345.0,2345.0,2037.0,1074
2006-07-05,2081.0,2151.0,2151.0,1978.0,1060
2006-07-06,2137.0,2081.0,2213.0,2081.0,564
2006-07-07,2137.0,1920.0,2139.0,1920.0,3098
2006-07-10,2257.0,2169.0,2257.0,2107.0,2889
2006-07-11,2269.0,2324.0,2324.0,2142.0,637
2006-07-12,2245.0,2283.0,2283.0,2119.0,286
2006-07-13,2125.0,2057.0,2166.0,2054.0,6067
2006-07-14,2155.0,2312.0,2312.0,2022.0,990
2006-07-18,2111.0,2154.0,2154.0,2025.0,4470
2006-07-19,2081.0,2254.0,2254.0,2037.0,2310
2006-07-20,2093.0,2216.0,2216.0,2022.0,5685
2006-07-21,2046.0,2095.0,2095.0,2028.0,519
2006-07-24,1976.0,2166.0,2166.0,1767.0,3608
2006-07-25,1976.0,2198.0,2198.0,1975.0,1001
2006-07-26,2031.0,2052.0,2052.0,1964.0,4462
2006-07-27,2105.0,2031.0,2104.0,1876.0,6180
2006-07-28,2073.0,1996.0,2098.0,1996.0,4403
2006-07-31,2287.0,2072.0,2286.0,2025.0,7548
2006-08-01,2175.0,2142.0,2219.0,2057.0,7324
2006-08-02,2125.0,2163.0,2163.0,2081.0,1904
2006-08-03,2125.0,2254.0,2254.0,2081.0,2416
2006-08-04,2026.0,2236.0,2236.0,2025.0,15961
2006-08-07,1949.0,2139.0,2139.0,1949.0,12736
2006-08-08,1982.0,1972.0,2049.0,1934.0,11209
2006-08-09,1964.0,2013.0,2043.0,1920.0,17098
2006-08-10,2011.0,1993.0,2075.0,1981.0,2223
2006-08-11,2029.0,2075.0,2075.0,2016.0,3701
2006-08-14,1964.0,2052.0,2052.0,1925.0,6521
2006-08-16,1979.0,2019.0,2031.0,1925.0,2601
2006-08-17,1935.0,2022.0,2022.0,1855.0,4525
2006-08-18,1935.0,1993.0,1993.0,1931.0,8143
2006-08-21,1935.0,1934.0,2052.0,1890.0,13920
2006-08-22,1949.0,2093.0,2093.0,1890.0,8501
2006-08-23,1979.0,2002.0,2002.0,1881.0,7999
2006-08-24,1926.0,1990.0,2002.0,1905.0,1359
2006-08-25,1964.0,1949.0,2201.0,1902.0,800
2006-08-28,1920.0,2046.0,2046.0,1911.0,797
2006-08-29,1955.0,2028.0,2028.0,1914.0,4462
2006-08-30,1935.0,1978.0,1993.0,1934.0,1621
2006-08-31,1976.0,1943.0,2022.0,1934.0,4875
2006-09-01,1932.0,1964.0,1975.0,1920.0,9524
2006-09-04,1917.0,1946.0,1949.0,1899.0,9967
2006-09-05,1970.0,1978.0,1990.0,1908.0,2443
2006-09-06,1955.0,1923.0,1964.0,1920.0,3102
2006-09-07,1990.0,1937.0,1990.0,1925.0,1462
2006-09-08,1949.0,1987.0,1993.0,1937.0,1232
2006-09-11,1917.0,2025.0,2025.0,1917.0,2086
2006-09-12,1929.0,1952.0,1952.0,1914.0,2326
2006-09-13,1920.0,1952.0,1952.0,1905.0,3245
2006-09-14,1920.0,1934.0,1946.0,1917.0,3581
2006-09-15,1920.0,1934.0,1934.0,1908.0,4821
2006-09-18,1914.0,1934.0,1934.0,1876.0,8931
2006-09-19,1864.0,1890.0,1928.0,1864.0,6643
2006-09-20,1876.0,1911.0,1911.0,1849.0,36168
2006-09-21,1870.0,1934.0,1972.0,1849.0,2342
2006-09-22,1867.0,1876.0,1911.0,1846.0,22375
2006-09-25,1876.0,1887.0,1887.0,1846.0,8861
2006-09-26,1847.0,1902.0,1902.0,1835.0,6472
2006-09-27,1888.0,1934.0,1934.0,1855.0,11407
2006-09-28,1888.0,1934.0,1946.0,1861.0,4968
2006-09-29,1905.0,1931.0,1931.0,1876.0,6778
2006-10-02,1891.0,1905.0,1928.0,1858.0,3570
2006-10-04,1882.0,1905.0,1905.0,1861.0,3869
2006-10-09,1923.0,1887.0,2022.0,1861.0,16518
2006-10-10,1949.0,1923.0,2110.0,1876.0,37481
2006-10-11,1944.0,1969.0,2013.0,1911.0,10083
2006-10-12,1935.0,1943.0,1978.0,1884.0,11939
2006-10-13,1894.0,1911.0,1961.0,1887.0,15325
2006-10-16,1882.0,1899.0,1917.0,1873.0,6944
2006-10-17,1879.0,1861.0,1911.0,1861.0,28784
2006-10-18,1897.0,1849.0,1899.0,1791.0,11265
2006-10-19,1894.0,1911.0,1920.0,1884.0,11744
2006-10-20,1935.0,1899.0,1952.0,1899.0,59351
2006-10-23,1908.0,1934.0,1949.0,1905.0,9056
2006-10-24,1897.0,1952.0,1952.0,1896.0,12032
2006-10-25,1900.0,1861.0,1905.0,1861.0,9729
2006-10-26,1903.0,1876.0,1931.0,1867.0,2005
2006-10-27,1864.0,1899.0,1899.0,1846.0,8310
2006-10-30,1873.0,1864.0,1881.0,1846.0,3374
2006-10-31,1917.0,1873.0,1949.0,1855.0,6848
2006-11-01,1914.0,1905.0,1920.0,1849.0,8494
2006-11-02,1926.0,1873.0,1925.0,1873.0,3398
2006-11-03,1926.0,1925.0,1949.0,1879.0,9296
2006-11-06,1885.0,1925.0,1931.0,1884.0,8607
2006-11-07,1891.0,1884.0,1917.0,1876.0,14826
2006-11-08,1873.0,1879.0,1902.0,1861.0,3556
2006-11-09,1876.0,1890.0,1890.0,1864.0,2062
2006-11-10,1876.0,1887.0,1887.0,1846.0,4591
2006-11-13,1876.0,1846.0,1879.0,1846.0,7362
2006-11-14,1946.0,1917.0,1946.0,1861.0,48013
2006-11-15,1979.0,1943.0,2022.0,1896.0,22490
2006-11-16,2008.0,1955.0,2049.0,1955.0,70139
2006-11-17,2052.0,2008.0,2078.0,1993.0,8621
2006-11-20,2081.0,2031.0,2151.0,2031.0,14353
2006-11-21,2061.0,2052.0,2154.0,2010.0,12366
2006-11-22,2064.0,2095.0,2095.0,2008.0,10608
2006-11-23,2026.0,2057.0,2081.0,2008.0,11297
2006-11-24,2052.0,2066.0,2066.0,2052.0,531
2006-11-27,2034.0,2107.0,2107.0,1966.0,7737
2006-11-28,2017.0,2137.0,2137.0,2008.0,2949
2006-11-29,2052.0,2034.0,2125.0,2022.0,2903
2006-11-30,2049.0,2107.0,2107.0,2043.0,9027
2006-12-01,2029.0,2054.0,2054.0,2022.0,12154
2006-12-04,2031.0,1978.0,2037.0,1978.0,2114
2006-12-05,1993.0,2016.0,2031.0,1993.0,9058
2006-12-06,2020.0,1943.0,2022.0,1943.0,990
2006-12-07,2017.0,1978.0,2125.0,1978.0,1999
2006-12-08,2008.0,1905.0,2008.0,1905.0,40227
2006-12-11,1990.0,1964.0,2052.0,1952.0,1696
2006-12-12,1967.0,2122.0,2122.0,1966.0,1085
2006-12-13,1996.0,1937.0,1996.0,1937.0,1001
2006-12-14,2023.0,1990.0,2078.0,1990.0,1365
2006-12-15,2023.0,1969.0,2052.0,1969.0,3798
2006-12-18,2011.0,2037.0,2043.0,1996.0,623
2006-12-19,2002.0,2010.0,2016.0,1990.0,1751
2006-12-20,1993.0,2002.0,2002.0,1952.0,9950
2006-12-21,1935.0,1949.0,1964.0,1934.0,6983
2006-12-22,1961.0,1934.0,1961.0,1923.0,1545
2006-12-26,2046.0,1961.0,2046.0,1955.0,14079
2006-12-27,2037.0,2046.0,2066.0,1999.0,3365
2006-12-28,2026.0,2022.0,2037.0,2022.0,20096
2007-01-02,2052.0,2022.0,2101.0,2022.0,27705
2007-01-03,2064.0,2107.0,2122.0,2002.0,12285
2007-01-04,2052.0,2139.0,2139.0,2028.0,17939
2007-01-05,2011.0,2052.0,2107.0,1978.0,11167
2007-01-08,2014.0,2075.0,2075.0,1978.0,3415
2007-01-09,1993.0,2013.0,2049.0,1993.0,2611
2007-01-10,1979.0,1981.0,2005.0,1952.0,6243
2007-01-11,1973.0,1966.0,2043.0,1966.0,224
2007-01-12,1973.0,1964.0,2095.0,1964.0,5148
2007-01-15,1993.0,1987.0,2052.0,1964.0,8099
2007-01-16,1970.0,1978.0,2008.0,1908.0,7072
2007-01-17,1976.0,1964.0,1978.0,1923.0,3542
2007-01-18,1993.0,2052.0,2052.0,1993.0,612
2007-01-19,1967.0,1993.0,2052.0,1949.0,4086
2007-01-22,1964.0,2008.0,2008.0,1940.0,7156
2007-01-23,1970.0,1964.0,2005.0,1934.0,6374
2007-01-24,1961.0,1952.0,2008.0,1934.0,2647
2007-01-25,1935.0,1943.0,2008.0,1905.0,8355
2007-01-26,1935.0,1964.0,1964.0,1923.0,3501
2007-01-29,1946.0,1943.0,2008.0,1920.0,5243
2007-01-30,1932.0,1946.0,1993.0,1928.0,392
2007-01-31,1932.0,1908.0,1949.0,1893.0,6654
2007-02-01,1932.0,1893.0,1978.0,1893.0,1678
2007-02-02,1952.0,1952.0,1952.0,1911.0,2164
2007-02-05,1932.0,1940.0,1987.0,1908.0,2206
2007-02-06,1952.0,1993.0,1993.0,1893.0,1642
2007-02-07,1935.0,1908.0,1958.0,1890.0,6017
2007-02-08,1935.0,1908.0,1946.0,1908.0,842
2007-02-09,1949.0,1920.0,1993.0,1920.0,4160
2007-02-12,1944.0,1949.0,2137.0,1920.0,158692
2007-02-13,1920.0,1961.0,1961.0,1890.0,31789
2007-02-14,1905.0,1925.0,1925.0,1867.0,19930
2007-02-15,1879.0,1890.0,1920.0,1867.0,11472
2007-02-16,1882.0,1867.0,1920.0,1864.0,7660
2007-02-20,1888.0,1905.0,1905.0,1861.0,10279
2007-02-21,1944.0,1879.0,1943.0,1876.0,20855
2007-02-22,1938.0,1914.0,1946.0,1911.0,6989
2007-02-23,1935.0,1955.0,1955.0,1905.0,12437
2007-02-26,1917.0,1917.0,1928.0,1902.0,27320
2007-02-27,1897.0,1902.0,1925.0,1893.0,12480
2007-02-28,1876.0,1843.0,1884.0,1838.0,21213
2007-03-02,1905.0,1899.0,1905.0,1876.0,6208
2007-03-05,1882.0,1943.0,1943.0,1876.0,12765
2007-03-06,1888.0,1861.0,1931.0,1861.0,4099
2007-03-07,1882.0,1876.0,1893.0,1864.0,4687
2007-03-08,1885.0,1867.0,1890.0,1861.0,14180
2007-03-09,1885.0,1884.0,1893.0,1867.0,5279
2007-03-12,1891.0,1861.0,1896.0,1861.0,6816
2007-03-13,1897.0,1946.0,1946.0,1879.0,3175
2007-03-14,1926.0,1873.0,1925.0,1861.0,4468
2007-03-15,1891.0,1925.0,1925.0,1879.0,7958
2007-03-16,1905.0,1890.0,1911.0,1884.0,760
2007-03-19,1905.0,1905.0,1931.0,1881.0,14408
2007-03-20,1891.0,1884.0,1920.0,1884.0,8620
2007-03-21,1897.0,1923.0,1923.0,1879.0,8707
2007-03-22,1897.0,1908.0,1908.0,1887.0,1762
2007-03-23,1897.0,1887.0,1911.0,1887.0,7980
2007-03-26,1938.0,1884.0,1964.0,1884.0,38005
2007-03-27,1946.0,1940.0,1961.0,1940.0,7792
2007-03-28,1964.0,1943.0,1964.0,1917.0,13321
2007-03-29,1993.0,1961.0,2034.0,1961.0,13148
2007-03-30,2011.0,2019.0,2022.0,1993.0,4251
2007-04-02,1990.0,2022.0,2022.0,1964.0,2446
2007-04-03,1970.0,1949.0,2005.0,1934.0,12006
2007-04-04,1988.0,1990.0,1990.0,1964.0,11024
2007-04-05,1976.0,1990.0,2016.0,1972.0,5753
2007-04-06,1973.0,1955.0,2002.0,1955.0,12643
2007-04-09,2008.0,2010.0,2134.0,1975.0,81634
2007-04-10,2034.0,1993.0,2081.0,1993.0,18779
2007-04-11,2008.0,2049.0,2049.0,2008.0,20194
2007-04-12,1996.0,2019.0,2019.0,1975.0,7829
2007-04-13,2002.0,2010.0,2022.0,1993.0,9099
2007-04-16,2002.0,2022.0,2052.0,1993.0,37254
2007-04-17,2008.0,2040.0,2040.0,1969.0,5089
2007-04-18,2002.0,2034.0,2034.0,1981.0,11519
2007-04-19,1964.0,2002.0,2025.0,1946.0,11736
2007-04-20,1996.0,1990.0,2002.0,1949.0,6205
2007-04-23,2017.0,2084.0,2084.0,1966.0,6355
2007-04-24,1985.0,1993.0,2010.0,1981.0,11186
2007-04-25,1993.0,2002.0,2002.0,1969.0,7585
2007-04-26,2002.0,1993.0,2008.0,1987.0,4720
2007-04-27,1967.0,2002.0,2002.0,1955.0,7549
2007-04-30,1990.0,1990.0,1990.0,1952.0,3349
2007-05-02,1990.0,1952.0,1993.0,1940.0,8806
2007-05-03,2002.0,1966.0,2002.0,1966.0,11897
2007-05-04,2017.0,2002.0,2022.0,1987.0,19461
2007-05-07,2002.0,2016.0,2028.0,1990.0,8019
2007-05-08,1964.0,2002.0,2022.0,1964.0,10405
2007-05-09,1964.0,1981.0,2022.0,1961.0,17409
2007-05-10,1973.0,1969.0,1990.0,1969.0,6503
2007-05-11,1979.0,1972.0,1987.0,1964.0,5196
2007-05-14,1979.0,1978.0,2019.0,1975.0,15567
2007-05-15,2005.0,1969.0,2005.0,1969.0,20283
2007-05-16,2078.0,2016.0,2078.0,1999.0,19711
2007-05-17,2075.0,2078.0,2093.0,2049.0,4637
2007-05-18,2169.0,2093.0,2169.0,2066.0,21485
2007-05-21,2169.0,2134.0,2286.0,2134.0,13309
2007-05-22,2187.0,2169.0,2198.0,2122.0,4226
2007-05-23,2152.0,2110.0,2198.0,2110.0,8669
2007-05-25,2178.0,2178.0,2198.0,2119.0,12309
2007-05-28,2178.0,2195.0,2195.0,2145.0,11280
2007-05-29,2166.0,2189.0,2189.0,2131.0,6526
2007-05-30,2149.0,2166.0,2166.0,2119.0,4102
2007-05-31,2158.0,2125.0,2180.0,2125.0,13254
2007-06-01,2119.0,2128.0,2169.0,2095.0,18016
2007-06-04,2163.0,2198.0,2198.0,2110.0,11720
2007-06-05,2169.0,2183.0,2183.0,2122.0,26489
2007-06-07,2181.0,2154.0,2183.0,2116.0,3787
2007-06-08,2248.0,2180.0,2251.0,2137.0,9503
2007-06-11,2372.0,2219.0,2400.0,2219.0,19134
2007-06-12,2383.0,2371.0,2392.0,2333.0,10972
2007-06-13,2486.0,2400.0,2518.0,2351.0,16659
2007-06-14,2515.0,2433.0,2550.0,2433.0,7506
2007-06-15,2521.0,2515.0,2550.0,2380.0,26686
2007-06-18,2694.0,2567.0,2696.0,2521.0,30408
2007-06-19,2776.0,2755.0,2779.0,2667.0,24028
2007-06-20,2744.0,2814.0,2814.0,2691.0,46138
2007-06-21,2929.0,2667.0,2931.0,2667.0,45428
2007-06-22,2896.0,2928.0,2928.0,2825.0,29458
2007-06-25,2870.0,2846.0,2919.0,2814.0,26830
2007-06-26,2726.0,2861.0,2864.0,2696.0,17331
2007-06-27,2682.0,2896.0,2896.0,2550.0,5509
2007-06-28,2665.0,2617.0,2776.0,2579.0,11935
2007-06-29,2676.0,2696.0,2723.0,2573.0,5648
2007-07-02,2709.0,2720.0,2720.0,2608.0,3365
2007-07-03,2753.0,2726.0,2869.0,2726.0,10680
2007-07-04,2758.0,2787.0,2843.0,2667.0,8521
2007-07-05,2697.0,2784.0,2784.0,2620.0,14164
2007-07-06,2606.0,2708.0,2784.0,2606.0,15090
2007-07-09,2544.0,2608.0,2746.0,2529.0,16269
2007-07-10,2618.0,2541.0,2635.0,2541.0,2163
2007-07-11,2679.0,2682.0,2682.0,2611.0,9803
2007-07-12,2694.0,2679.0,2720.0,2658.0,7003
2007-07-13,2838.0,2784.0,2861.0,2664.0,18591
2007-07-16,2838.0,2837.0,2899.0,2699.0,17506
2007-07-18,2843.0,2767.0,2928.0,2767.0,23976
2007-07-19,2846.0,2849.0,2916.0,2784.0,18033
2007-07-20,2870.0,2655.0,2922.0,2655.0,5543
2007-07-23,2882.0,2869.0,2884.0,2790.0,9808
2007-07-24,2835.0,2802.0,2872.0,2787.0,3110
2007-07-25,2785.0,2869.0,2869.0,2658.0,3469
2007-07-26,2797.0,2682.0,2843.0,2682.0,13729
2007-07-27,2720.0,2696.0,2822.0,2696.0,14719
2007-07-30,2735.0,2720.0,2990.0,2720.0,7741
2007-07-31,2750.0,2784.0,2828.0,2717.0,11457
2007-08-01,2723.0,2767.0,2770.0,2682.0,11727
2007-08-02,2720.0,2840.0,2840.0,2623.0,13547
2007-08-03,2688.0,2720.0,2720.0,2667.0,16770
2007-08-06,2612.0,2617.0,2688.0,2611.0,2444
2007-08-07,2685.0,2755.0,2755.0,2629.0,94
2007-08-08,2603.0,2732.0,2732.0,2597.0,9396
2007-08-09,2574.0,2623.0,2623.0,2544.0,8978
2007-08-10,2580.0,2565.0,2594.0,2459.0,4520
2007-08-13,2565.0,2579.0,2579.0,2471.0,1834
2007-08-14,2574.0,2494.0,2784.0,2491.0,4883
2007-08-16,2354.0,2380.0,2550.0,2351.0,1212
2007-08-17,2401.0,2512.0,2515.0,2283.0,1170
2007-08-20,2392.0,2345.0,2488.0,2345.0,33185
2007-08-21,2427.0,2351.0,2468.0,2351.0,221
2007-08-22,2366.0,2427.0,2462.0,2359.0,15745
2007-08-23,2404.0,2418.0,2456.0,2374.0,11722
2007-08-24,2401.0,2421.0,2471.0,2345.0,5192
2007-08-27,2401.0,2374.0,2444.0,2351.0,8882
2007-08-28,2395.0,2397.0,2438.0,2374.0,7160
2007-08-29,2442.0,2394.0,2447.0,2359.0,25181
2007-08-30,2404.0,2471.0,2477.0,2394.0,10130
2007-08-31,2421.0,2427.0,2491.0,2362.0,6114
2007-09-03,2462.0,2406.0,2485.0,2403.0,17153
2007-09-04,2462.0,2459.0,2488.0,2433.0,3705
2007-09-05,2448.0,2433.0,2477.0,2403.0,7511
2007-09-06,2448.0,2447.0,2447.0,2403.0,6404
2007-09-07,2462.0,2459.0,2462.0,2403.0,6487
2007-09-10,2457.0,2459.0,2459.0,2394.0,10616
2007-09-11,2518.0,2438.0,2521.0,2424.0,16840
2007-09-12,2588.0,2518.0,2594.0,2512.0,2976
2007-09-13,2550.0,2550.0,2579.0,2521.0,1746
2007-09-14,2577.0,2521.0,2608.0,2521.0,937
2007-09-17,2547.0,2576.0,2576.0,2506.0,1901
2007-09-18,2530.0,2547.0,2550.0,2491.0,20646
2007-09-19,2495.0,2541.0,2541.0,2491.0,3125
2007-09-20,2550.0,2512.0,2550.0,2488.0,16896
2007-09-21,2550.0,2550.0,2608.0,2491.0,12228
2007-09-27,2565.0,2579.0,2579.0,2521.0,26395
2007-09-28,2624.0,2784.0,2784.0,2541.0,21441
2007-10-01,2621.0,2696.0,2696.0,2447.0,15477
2007-10-02,2638.0,2579.0,2667.0,2553.0,24103
2007-10-04,2638.0,2579.0,2638.0,2579.0,13416
2007-10-05,2653.0,2588.0,2661.0,2588.0,9483
2007-10-08,2668.0,2696.0,2696.0,2623.0,12757
2007-10-09,2712.0,2667.0,2755.0,2638.0,10585
2007-10-10,2756.0,2641.0,2758.0,2641.0,12547
2007-10-11,2770.0,2752.0,2802.0,2699.0,12089
2007-10-12,2764.0,2770.0,2770.0,2752.0,12727
2007-10-15,2694.0,2699.0,2752.0,2679.0,7001
2007-10-16,2682.0,2693.0,2693.0,2611.0,3348
2007-10-17,2635.0,2679.0,2679.0,2556.0,4967
2007-10-18,2635.0,2550.0,2638.0,2506.0,9733
2007-10-19,2621.0,2556.0,2635.0,2556.0,3756
2007-10-22,2527.0,2614.0,2614.0,2500.0,1692
2007-10-23,2606.0,2752.0,2752.0,2606.0,510
2007-10-24,2474.0,2652.0,2652.0,2474.0,4612
2007-10-25,2550.0,2632.0,2632.0,2491.0,4986
2007-10-26,2577.0,2617.0,2617.0,2433.0,5617
2007-10-29,2624.0,2623.0,2623.0,2623.0,1
2007-10-30,2665.0,2623.0,2696.0,2623.0,1089
2007-10-31,2609.0,2638.0,2652.0,2567.0,4748
2007-11-01,2635.0,2717.0,2717.0,2550.0,10018
2007-11-02,2609.0,2579.0,2638.0,2579.0,4894
2007-11-05,2668.0,2632.0,2667.0,2632.0,7455
2007-11-06,2580.0,2693.0,2693.0,2579.0,4777
2007-11-07,2609.0,2594.0,2784.0,2579.0,19601
2007-11-08,2638.0,2638.0,2702.0,2585.0,23643
2007-11-09,2785.0,2726.0,2784.0,2650.0,50548
2007-11-12,3195.0,3195.0,3195.0,3195.0,1820
2007-11-13,3371.0,3415.0,3429.0,3356.0,610360
2007-11-14,3357.0,3385.0,3385.0,3356.0,198576
2007-11-15,3357.0,3356.0,3371.0,3356.0,134937
2007-11-16,3371.0,3356.0,3385.0,3356.0,85077
2007-11-19,3357.0,3371.0,3385.0,3341.0,169320
2007-11-20,3357.0,3356.0,3356.0,3327.0,119677
2007-11-21,3357.0,3356.0,3371.0,3341.0,122945
2007-11-22,3357.0,3341.0,3356.0,3341.0,75350
2007-11-23,3357.0,3356.0,3356.0,3341.0,99842
2007-11-26,3357.0,3356.0,3371.0,3341.0,83643
2007-11-27,3357.0,3356.0,3356.0,3341.0,48135
2007-11-28,3371.0,3341.0,3371.0,3341.0,38025
2007-11-29,3371.0,3356.0,3385.0,3356.0,44450
2007-11-30,3400.0,3385.0,3400.0,3371.0,35459
2007-12-03,3386.0,3400.0,3415.0,3385.0,31926
2007-12-04,3386.0,3400.0,3400.0,3371.0,78801
2007-12-05,3400.0,3385.0,3415.0,3385.0,77291
2007-12-06,3415.0,3415.0,3415.0,3400.0,42647
2007-12-07,3459.0,3415.0,3459.0,3400.0,24815
2007-12-10,3415.0,3459.0,3459.0,3283.0,284
2007-12-11,3195.0,3341.0,3341.0,3019.0,4167
2007-12-12,3400.0,2975.0,3488.0,2975.0,604
2007-12-13,3181.0,3415.0,3415.0,3107.0,253
2007-12-14,3225.0,3165.0,3224.0,3121.0,179
2007-12-17,2764.0,2872.0,2872.0,2740.0,51351
2007-12-18,2867.0,2711.0,3136.0,2685.0,28817
2007-12-20,3063.0,2846.0,3283.0,2846.0,3509
2007-12-21,3019.0,2990.0,3078.0,2931.0,1014
2007-12-24,3019.0,3048.0,3048.0,2931.0,744
2007-12-26,3005.0,3019.0,3019.0,2902.0,2109
2007-12-27,2990.0,2931.0,3004.0,2931.0,1826
2007-12-28,2975.0,2931.0,2975.0,2931.0,135
2008-01-02,2975.0,2907.0,2975.0,2907.0,503
2008-01-03,2990.0,2990.0,2990.0,2990.0,2360
2008-01-04,2946.0,3019.0,3092.0,2931.0,24817
2008-01-07,2946.0,2931.0,2960.0,2916.0,7467
2008-01-08,2931.0,2990.0,2990.0,2846.0,7596
2008-01-09,2902.0,2755.0,2902.0,2755.0,2039
2008-01-10,2926.0,2814.0,2960.0,2814.0,1424
2008-01-11,2817.0,2817.0,2925.0,2817.0,72
2008-01-14,2931.0,2931.0,2931.0,2784.0,12
2008-01-15,2929.0,2784.0,2931.0,2740.0,342
2008-01-16,2929.0,2702.0,2928.0,2702.0,220
2008-01-17,2917.0,2790.0,2925.0,2740.0,142
2008-01-18,2911.0,2910.0,2910.0,2761.0,36
2008-01-21,2905.0,2799.0,2910.0,2702.0,903
2008-01-22,2899.0,2638.0,2899.0,2579.0,302
2008-01-23,2885.0,2696.0,2887.0,2696.0,224
2008-01-24,2867.0,2872.0,2872.0,2696.0,163
2008-01-25,2697.0,2711.0,2861.0,2523.0,3551
2008-01-28,2923.0,2779.0,3092.0,2644.0,2490
2008-01-29,2700.0,2922.0,2922.0,2699.0,1445
2008-01-30,2879.0,2711.0,2916.0,2711.0,165
2008-01-31,2908.0,2907.0,2907.0,2907.0,25
2008-02-01,2843.0,2702.0,2902.0,2702.0,547
2008-02-04,2682.0,2811.0,2834.0,2670.0,456
2008-02-05,2829.0,2902.0,2902.0,2652.0,65
2008-02-11,2785.0,2925.0,2925.0,2784.0,3
2008-02-12,2855.0,2858.0,2858.0,2638.0,400
2008-02-13,2647.0,2641.0,2834.0,2638.0,799
2008-02-14,2785.0,2647.0,2784.0,2647.0,103
2008-02-15,2923.0,2641.0,2925.0,2641.0,238
2008-02-18,2902.0,2910.0,2910.0,2670.0,93
2008-02-19,2867.0,2699.0,2872.0,2679.0,70
2008-02-20,2864.0,2896.0,2896.0,2696.0,588
2008-02-21,2879.0,2899.0,2899.0,2729.0,7
2008-02-22,2838.0,2887.0,2887.0,2711.0,10620
2008-02-25,2776.0,2893.0,2893.0,2726.0,1864
2008-02-26,2829.0,2907.0,2916.0,2743.0,1569
2008-02-27,2873.0,2784.0,2872.0,2784.0,1649
2008-02-28,2926.0,2755.0,3283.0,2755.0,896
2008-02-29,2914.0,2931.0,2931.0,2793.0,14
2008-03-03,2905.0,2910.0,2910.0,2790.0,7
2008-03-04,2890.0,2729.0,2890.0,2729.0,6
2008-03-05,2858.0,2755.0,2858.0,2755.0,63
2008-03-06,2893.0,2758.0,2902.0,2758.0,123
2008-03-07,2893.0,2893.0,2893.0,2893.0,0
2008-03-10,2914.0,2913.0,2913.0,2913.0,10
2008-03-11,2908.0,2907.0,2907.0,2907.0,10
2008-03-12,2908.0,2907.0,2907.0,2790.0,133
2008-03-13,2890.0,2925.0,2925.0,2814.0,14
2008-03-14,2902.0,2814.0,3312.0,2676.0,740
2008-03-17,2893.0,2770.0,2896.0,2770.0,35
2008-03-18,2873.0,2755.0,2905.0,2755.0,146
2008-03-19,2867.0,2761.0,2866.0,2761.0,31
2008-03-20,2899.0,2928.0,2928.0,2814.0,5
2008-03-21,2896.0,2896.0,2896.0,2896.0,5
2008-03-24,2756.0,2749.0,2910.0,2749.0,60
2008-03-25,2885.0,2890.0,2890.0,2746.0,16
2008-03-26,2879.0,2761.0,2878.0,2761.0,92
2008-03-27,2911.0,3283.0,3283.0,2779.0,61
2008-03-28,2885.0,2884.0,2884.0,2884.0,1
2008-03-31,2885.0,2884.0,2884.0,2884.0,0
2008-04-01,3225.0,2884.0,3224.0,2884.0,210
2008-04-02,2893.0,2893.0,2893.0,2893.0,0
2008-04-03,2887.0,2793.0,2887.0,2793.0,2
2008-04-04,2887.0,2843.0,2887.0,2843.0,750
2008-04-07,2887.0,2887.0,2887.0,2887.0,0
2008-04-08,2885.0,2884.0,2884.0,2884.0,0
2008-04-10,2882.0,2881.0,2881.0,2881.0,0
2008-04-11,2887.0,2784.0,2887.0,2784.0,11
2008-04-14,2885.0,2799.0,2884.0,2799.0,669
2008-04-15,2885.0,2843.0,2884.0,2814.0,661
2008-04-16,2885.0,2884.0,2884.0,2884.0,0
2008-04-17,2843.0,2884.0,3224.0,2799.0,894
2008-04-18,2867.0,2902.0,2902.0,2787.0,104
2008-04-21,3078.0,2899.0,3078.0,2814.0,362
2008-04-22,2929.0,2928.0,2928.0,2928.0,0
2008-04-23,2926.0,2814.0,2925.0,2814.0,73
2008-04-24,2867.0,2925.0,2925.0,2843.0,279
2008-04-25,2905.0,3209.0,3209.0,2858.0,533
2008-04-28,2873.0,2896.0,2905.0,2872.0,361
2008-04-29,2896.0,2872.0,2896.0,2843.0,1131
2008-04-30,2896.0,2843.0,2925.0,2843.0,1532
2008-05-02,2890.0,2846.0,2890.0,2846.0,221
2008-05-06,2890.0,2890.0,2890.0,2890.0,0
2008-05-07,2902.0,2799.0,2902.0,2799.0,501
2008-05-08,2887.0,2902.0,2902.0,2887.0,401
2008-05-09,2961.0,2928.0,3063.0,2928.0,408
2008-05-13,2887.0,2887.0,2887.0,2887.0,0
2008-05-14,2873.0,2872.0,2872.0,2872.0,60
2008-05-15,2926.0,2925.0,2925.0,2925.0,1
2008-05-16,2873.0,2925.0,2925.0,2814.0,1729
2008-05-19,2841.0,2872.0,2872.0,2787.0,2223
2008-05-20,2841.0,2840.0,2840.0,2840.0,50
2008-05-21,2861.0,2872.0,2916.0,2796.0,212
2008-05-22,2852.0,2787.0,2887.0,2755.0,556
2008-05-23,2832.0,2758.0,2843.0,2758.0,821
2008-05-26,2814.0,2729.0,2869.0,2679.0,836
2008-05-27,2814.0,2814.0,2814.0,2814.0,2
2008-05-28,2814.0,2814.0,2814.0,2814.0,0
2008-05-29,2808.0,2831.0,2831.0,2755.0,234
2008-05-30,2823.0,2802.0,2822.0,2799.0,1111
2008-06-02,2823.0,2822.0,2822.0,2822.0,0
2008-06-03,2843.0,2858.0,2858.0,2790.0,90
2008-06-04,2841.0,2840.0,2840.0,2840.0,0
2008-06-05,2838.0,2770.0,2852.0,2755.0,3268
2008-06-09,2838.0,2858.0,2858.0,2787.0,718
2008-06-10,2785.0,2814.0,2814.0,2784.0,1869
2008-06-11,2841.0,2866.0,2866.0,2784.0,2003
2008-06-12,2867.0,2887.0,2887.0,2790.0,4524
2008-06-13,2838.0,3004.0,3004.0,2787.0,3632
2008-06-16,2794.0,2793.0,2793.0,2793.0,1350
2008-06-17,2893.0,2787.0,2893.0,2787.0,5861
2008-06-18,2893.0,2787.0,2916.0,2787.0,592
2008-06-19,2861.0,2861.0,2861.0,2861.0,0
2008-06-20,2805.0,2843.0,2864.0,2726.0,443
2008-06-23,2841.0,2770.0,2840.0,2770.0,1106
2008-06-24,2841.0,2784.0,2840.0,2767.0,398
2008-06-25,2814.0,2749.0,2814.0,2749.0,1671
2008-06-26,2814.0,2752.0,2814.0,2752.0,40
2008-06-27,2811.0,2758.0,2811.0,2752.0,302
2008-06-30,2808.0,2808.0,2808.0,2808.0,0
2008-07-01,2961.0,2855.0,3195.0,2843.0,82119
2008-07-02,2990.0,3019.0,3063.0,2899.0,19948
2008-07-03,2990.0,2960.0,2990.0,2872.0,4450
2008-07-04,3063.0,3063.0,3063.0,3004.0,8220
2008-07-07,3137.0,3063.0,3136.0,3034.0,4090
2008-07-08,3166.0,3165.0,3165.0,3165.0,3
2008-07-09,3063.0,2916.0,3063.0,2916.0,1326
2008-07-10,2975.0,3063.0,3078.0,2975.0,813
2008-07-11,3063.0,3063.0,3063.0,3063.0,1
2008-07-14,3049.0,3048.0,3048.0,3048.0,139
2008-07-15,3049.0,2960.0,3048.0,2931.0,3547
2008-07-16,2961.0,2960.0,2960.0,2960.0,310
2008-07-17,3049.0,3048.0,3048.0,3048.0,1
2008-07-18,2961.0,2960.0,2960.0,2931.0,1598
2008-07-21,3005.0,2990.0,3019.0,2960.0,2422
2008-07-22,3005.0,3004.0,3004.0,2990.0,7888
2008-07-23,3005.0,3078.0,3078.0,3004.0,2007
2008-07-24,3078.0,3004.0,3444.0,3004.0,2499
2008-07-25,3210.0,3078.0,3209.0,3078.0,341
2008-07-28,3210.0,3209.0,3209.0,3195.0,21
2008-07-29,3166.0,3209.0,3209.0,2990.0,32
2008-07-30,3151.0,3151.0,3151.0,2990.0,16
2008-07-31,2990.0,3180.0,3180.0,2990.0,101
2008-08-01,3019.0,3371.0,3371.0,2946.0,226
2008-08-04,3195.0,2931.0,3195.0,2931.0,2
2008-08-05,3181.0,3180.0,3180.0,3180.0,0
2008-08-06,3005.0,3224.0,3224.0,3004.0,201
2008-08-07,3019.0,3209.0,3209.0,3019.0,1332
2008-08-08,3005.0,3136.0,3136.0,3004.0,158
2008-08-11,3063.0,3429.0,3429.0,3019.0,206
2008-08-12,3107.0,2975.0,3107.0,2975.0,2
2008-08-13,3239.0,3107.0,3547.0,3034.0,141
2008-08-14,3181.0,3180.0,3180.0,3078.0,3
2008-08-18,3151.0,3151.0,3151.0,3151.0,0
2008-08-19,3093.0,2902.0,3151.0,2902.0,978
2008-08-20,3019.0,3092.0,3092.0,3019.0,22
2008-08-21,3019.0,3136.0,3136.0,3019.0,105
2008-08-22,3151.0,3180.0,3180.0,2990.0,33
2008-08-25,3166.0,3078.0,3459.0,3078.0,3449
2008-08-26,3371.0,3136.0,3371.0,3136.0,1355
2008-08-27,3415.0,3224.0,3415.0,3195.0,621
2008-08-28,3254.0,3253.0,3253.0,3253.0,1
2008-08-29,3063.0,3180.0,3180.0,3063.0,6
2008-09-01,3063.0,3063.0,3063.0,3063.0,0
2008-09-02,3049.0,3048.0,3048.0,3048.0,100
2008-09-03,3488.0,3048.0,3488.0,3048.0,301
2008-09-04,3137.0,3209.0,3209.0,3019.0,530
2008-09-05,3137.0,3034.0,3136.0,3034.0,35
2008-09-08,3122.0,2931.0,3165.0,2931.0,376
2008-09-09,3151.0,2960.0,3151.0,2960.0,4
2008-09-10,3093.0,3092.0,3092.0,3092.0,0
2008-09-11,3063.0,3063.0,3063.0,3063.0,0
2008-09-12,3107.0,3107.0,3107.0,3107.0,1
2008-09-16,3078.0,2960.0,3078.0,2960.0,2
2008-09-17,3166.0,3136.0,3165.0,3136.0,2
2008-09-18,3137.0,3136.0,3136.0,3136.0,0
2008-09-19,3166.0,3165.0,3165.0,3165.0,1
2008-09-22,3166.0,2946.0,3165.0,2946.0,81
2008-09-23,3078.0,2960.0,3078.0,2960.0,401
2008-09-24,3049.0,3048.0,3048.0,2946.0,156
2008-09-25,2990.0,2975.0,2990.0,2975.0,200
2008-09-26,2990.0,2990.0,2990.0,2990.0,20
2008-09-29,3019.0,3019.0,3019.0,3019.0,79
2008-09-30,3151.0,2960.0,3400.0,2960.0,1101
2008-10-01,3137.0,3136.0,3136.0,3136.0,0
2008-10-02,3107.0,3107.0,3107.0,3107.0,0
2008-10-06,3034.0,3034.0,3034.0,3034.0,0
2008-10-07,3078.0,3078.0,3078.0,3078.0,500
2008-10-08,3078.0,3078.0,3078.0,3078.0,0
2008-10-09,3019.0,3019.0,3019.0,3019.0,0
2008-10-10,3019.0,3019.0,3019.0,3019.0,0
2008-10-13,3019.0,3019.0,3019.0,3019.0,0
2008-10-14,3093.0,3034.0,3092.0,2796.0,334
2008-10-15,3063.0,2946.0,3078.0,2946.0,5931
2008-10-16,3093.0,3107.0,3107.0,2638.0,32
2008-10-17,3078.0,3048.0,3078.0,3048.0,201
2008-10-20,3034.0,2638.0,3048.0,2638.0,275
2008-10-21,2931.0,2931.0,3048.0,2814.0,239
2008-10-22,2990.0,2931.0,2990.0,2814.0,9103
2008-10-23,2923.0,2872.0,2960.0,2755.0,12713
2008-10-24,2923.0,2843.0,2922.0,2758.0,502
2008-10-27,3034.0,2919.0,3356.0,2670.0,221
2008-10-28,2961.0,2960.0,2960.0,2960.0,0
2008-10-29,3019.0,3019.0,3019.0,3019.0,5
2008-10-30,3166.0,3165.0,3165.0,3165.0,1
2008-10-31,3005.0,2872.0,3209.0,2872.0,33939
2008-11-03,3005.0,3004.0,3004.0,3004.0,0
2008-11-04,3078.0,2960.0,3078.0,2946.0,16799
2008-11-05,2814.0,3107.0,3107.0,2784.0,17570
2008-11-06,2700.0,2784.0,2931.0,2392.0,28453
2008-11-07,2753.0,2696.0,2779.0,2608.0,180
2008-11-10,2726.0,2638.0,2840.0,2526.0,1247
2008-11-11,2691.0,2550.0,2720.0,2412.0,1074
2008-11-12,2709.0,2459.0,2814.0,2459.0,22
2008-11-13,2459.0,2872.0,2872.0,2459.0,189
2008-11-14,2550.0,2550.0,2825.0,2550.0,680
2008-11-17,2694.0,2784.0,2784.0,2635.0,55
2008-11-18,2820.0,2902.0,2902.0,2820.0,21
2008-11-19,2697.0,2840.0,2840.0,2696.0,6
2008-11-20,2697.0,2828.0,2828.0,2403.0,218
2008-11-21,2697.0,2825.0,2825.0,2696.0,10
2008-11-24,2782.0,3048.0,3048.0,2781.0,2
2008-11-25,2697.0,2884.0,2884.0,2368.0,4593
2008-11-26,2369.0,2755.0,2755.0,2351.0,4178
2008-11-27,2433.0,2227.0,2488.0,2227.0,320
2008-11-28,2794.0,2230.0,2793.0,2230.0,494
2008-12-01,2377.0,2497.0,2670.0,2377.0,15209
2008-12-02,2087.0,2224.0,2301.0,2081.0,8928
2008-12-03,2196.0,2312.0,2312.0,2104.0,1112
2008-12-04,2287.0,2125.0,2368.0,2125.0,8
2008-12-05,2196.0,2198.0,2339.0,2054.0,299
2008-12-08,2196.0,2081.0,2227.0,2052.0,2172
2008-12-09,2339.0,2081.0,2400.0,2081.0,1597
2008-12-10,2342.0,2685.0,2685.0,2095.0,6856
2008-12-11,2084.0,2342.0,2342.0,2084.0,5525
2008-12-12,2093.0,2093.0,2125.0,1996.0,1424
2008-12-15,2169.0,2219.0,2219.0,1814.0,1981
2008-12-16,2096.0,2057.0,2189.0,2054.0,185
2008-12-17,2149.0,2154.0,2154.0,2148.0,30
2008-12-18,2143.0,2057.0,2142.0,2057.0,2
2008-12-19,2090.0,2183.0,2295.0,2066.0,1509
2008-12-22,2193.0,2192.0,2192.0,2192.0,1
2008-12-23,1979.0,2186.0,2245.0,1978.0,679
2008-12-24,2166.0,2254.0,2254.0,1993.0,256
2008-12-26,2295.0,2251.0,2386.0,2239.0,1074
2008-12-29,2281.0,2072.0,2321.0,2072.0,192
2008-12-30,2457.0,2154.0,2456.0,2154.0,1121
2009-01-02,2800.0,2820.0,2820.0,2210.0,12
2009-01-05,2380.0,2380.0,2386.0,2380.0,3525
2009-01-06,2184.0,2342.0,2380.0,2066.0,17882
2009-01-07,2193.0,2222.0,2222.0,2081.0,1692
2009-01-08,2111.0,2166.0,2166.0,2110.0,53
2009-01-09,2070.0,2137.0,2137.0,2052.0,575
2009-01-12,2119.0,2052.0,2119.0,2052.0,1184
2009-01-13,2070.0,2122.0,2233.0,2069.0,1361
2009-01-14,2160.0,2163.0,2163.0,2066.0,1259
2009-01-15,2155.0,2157.0,2157.0,2066.0,72
2009-01-16,2125.0,2137.0,2139.0,1966.0,11578
2009-01-19,1809.0,2081.0,2154.0,1808.0,15582
2009-01-20,1900.0,1849.0,1905.0,1794.0,2675
2009-01-21,1888.0,1788.0,2046.0,1788.0,2821
2009-01-22,1856.0,1955.0,1958.0,1802.0,5008
2009-01-23,1891.0,1855.0,1934.0,1758.0,5056
2009-01-28,1999.0,1890.0,1999.0,1849.0,8189
2009-01-29,1914.0,1805.0,2022.0,1805.0,5778
2009-01-30,1952.0,1840.0,1975.0,1840.0,3679
2009-02-02,1929.0,1873.0,2081.0,1817.0,2318
2009-02-03,1999.0,1920.0,2110.0,1920.0,26494
2009-02-04,1949.0,1952.0,2019.0,1940.0,138
2009-02-05,2240.0,1949.0,2239.0,1949.0,6227
2009-02-06,2313.0,2139.0,2336.0,2084.0,1780
2009-02-09,2401.0,2327.0,2400.0,2128.0,2443
2009-02-10,2284.0,2488.0,2488.0,2139.0,221
2009-02-11,2345.0,2289.0,2623.0,2066.0,206
2009-02-12,2202.0,2072.0,2579.0,2072.0,65
2009-02-13,2213.0,2345.0,2345.0,2019.0,10395
2009-02-16,2313.0,2227.0,2312.0,2224.0,141
2009-02-17,2199.0,2110.0,2301.0,2110.0,205
2009-02-18,2345.0,2342.0,2526.0,2101.0,9250
2009-02-19,2489.0,2345.0,2550.0,2345.0,86
2009-02-20,2477.0,2488.0,2488.0,2477.0,414
2009-02-23,2421.0,2550.0,2784.0,2351.0,1454
2009-02-24,2756.0,2491.0,2781.0,2491.0,25497
2009-02-25,2480.0,2902.0,2902.0,2362.0,1327
2009-02-26,2685.0,2365.0,2773.0,2365.0,357
2009-02-27,2427.0,2383.0,2679.0,2383.0,276
2009-03-02,2712.0,2204.0,2711.0,2204.0,19
2009-03-03,2726.0,2837.0,2837.0,2356.0,208
2009-03-04,2697.0,2415.0,2755.0,2415.0,6
2009-03-05,2694.0,2412.0,2755.0,2412.0,55
2009-03-06,2404.0,2386.0,2550.0,2321.0,77
2009-03-09,2459.0,2418.0,2474.0,2183.0,110
2009-03-10,2459.0,2459.0,2459.0,2230.0,8
2009-03-11,2269.0,2230.0,2474.0,2230.0,13
2009-03-12,2401.0,2263.0,2400.0,2263.0,14
2009-03-13,2462.0,2260.0,2462.0,2260.0,23
2009-03-16,2574.0,2491.0,2579.0,2491.0,1159
2009-03-17,2741.0,2579.0,2740.0,2573.0,2081
2009-03-18,2715.0,2714.0,2714.0,2714.0,0
2009-03-19,2638.0,2494.0,2638.0,2494.0,51
2009-03-20,2609.0,2608.0,2608.0,2608.0,1779
2009-03-23,2624.0,2623.0,2623.0,2623.0,30
2009-03-24,2679.0,2638.0,2679.0,2608.0,860
2009-03-25,2609.0,2608.0,2608.0,2608.0,188
2009-03-26,2609.0,2608.0,2608.0,2608.0,0
2009-03-27,2609.0,2608.0,2608.0,2608.0,920
2009-03-30,2609.0,2608.0,2608.0,2608.0,580
2009-03-31,2562.0,2562.0,2562.0,2562.0,82
2009-04-01,2776.0,2608.0,2776.0,2608.0,251
2009-04-02,2773.0,2608.0,2773.0,2553.0,759
2009-04-03,2764.0,2611.0,2764.0,2611.0,42
2009-04-06,2609.0,2608.0,2682.0,2608.0,469
2009-04-07,2814.0,2614.0,2814.0,2614.0,2
2009-04-08,2756.0,2755.0,2755.0,2638.0,1110
2009-04-09,2688.0,2673.0,2746.0,2667.0,203
2009-04-10,2785.0,2776.0,2784.0,2696.0,2959
2009-04-13,2931.0,2784.0,3078.0,2784.0,22280
2009-04-14,2926.0,2931.0,2931.0,2814.0,989
2009-04-15,2785.0,3078.0,3078.0,2784.0,3100
2009-04-16,2785.0,0.0,0.0,0.0,0
2009-04-17,2785.0,0.0,0.0,0.0,0
2009-04-20,2785.0,0.0,0.0,0.0,0
2009-04-21,2785.0,0.0,0.0,0.0,0
2009-04-22,2785.0,0.0,0.0,0.0,0
2009-04-23,2785.0,0.0,0.0,0.0,0
2009-04-24,2785.0,0.0,0.0,0.0,0
2009-04-27,2785.0,0.0,0.0,0.0,0
2009-04-28,2533.0,2573.0,2638.0,2521.0,1085
2009-04-29,2459.0,2236.0,2459.0,2169.0,1705
2009-04-30,2392.0,2441.0,2441.0,2260.0,133
2009-05-04,2389.0,2380.0,2392.0,2345.0,278
2009-05-06,2307.0,2406.0,2406.0,2257.0,512
2009-05-07,2342.0,2245.0,2389.0,2242.0,1089
2009-05-08,2199.0,2201.0,2339.0,2198.0,1063
2009-05-11,2202.0,2213.0,2345.0,2201.0,579
2009-05-12,2257.0,2110.0,2295.0,2110.0,33
2009-05-13,2257.0,2119.0,2315.0,2119.0,3599
2009-05-14,2257.0,2201.0,2257.0,2201.0,4
2009-05-15,2169.0,2254.0,2254.0,2169.0,97
2009-05-18,2102.0,2113.0,2139.0,2054.0,457
2009-05-19,2196.0,2251.0,2251.0,2063.0,91
2009-05-20,2111.0,2224.0,2224.0,2093.0,71
2009-05-21,2196.0,2090.0,2198.0,2090.0,490
2009-05-22,2163.0,2139.0,2163.0,2081.0,444
2009-05-25,2196.0,2166.0,2224.0,2110.0,260
2009-05-26,2137.0,2113.0,2160.0,2052.0,806
2009-05-27,2155.0,2134.0,2154.0,2054.0,312
2009-05-28,2067.0,2110.0,2116.0,2054.0,424
2009-05-29,2114.0,2057.0,2113.0,2052.0,345
2009-06-01,2108.0,2107.0,2107.0,2107.0,1
2009-06-02,2137.0,2104.0,2137.0,2057.0,691
2009-06-03,2196.0,2216.0,2216.0,2069.0,329
2009-06-04,2134.0,2198.0,2198.0,2072.0,337
2009-06-05,2093.0,2087.0,2095.0,2052.0,1262
2009-06-08,2052.0,1999.0,2116.0,1999.0,1060
2009-06-09,2096.0,2054.0,2095.0,2054.0,47
2009-06-10,1964.0,2095.0,2198.0,1937.0,331
2009-06-11,2037.0,2178.0,2178.0,1923.0,782
2009-06-12,1774.0,1966.0,2084.0,1732.0,14405
2009-06-15,1905.0,1931.0,2037.0,1782.0,1694
2009-06-16,1853.0,1879.0,2022.0,1826.0,1165
2009-06-17,1908.0,1966.0,1990.0,1832.0,1087
2009-06-18,2023.0,1920.0,2078.0,1861.0,215
2009-06-19,1949.0,1884.0,2081.0,1884.0,1361
2009-06-22,2240.0,1846.0,2239.0,1846.0,240
2009-06-23,2401.0,2022.0,2444.0,2022.0,740
2009-06-24,2398.0,2392.0,2488.0,2169.0,180
2009-06-25,2111.0,2488.0,2749.0,2110.0,5486
2009-06-26,2140.0,2318.0,2318.0,2005.0,6653
2009-06-29,2140.0,2098.0,2139.0,2052.0,783
2009-06-30,2459.0,2022.0,2459.0,2022.0,1345
2009-07-01,2454.0,2456.0,2456.0,2230.0,53
2009-07-02,2339.0,0.0,0.0,0.0,0
2009-07-03,2588.0,2333.0,2682.0,2333.0,457
2009-07-06,2544.0,2814.0,2931.0,2292.0,8008
2009-07-07,2354.0,2541.0,2541.0,2353.0,783
2009-07-08,2706.0,2233.0,2705.0,2078.0,2246
2009-07-09,2301.0,2559.0,2928.0,2301.0,31086
2009-07-10,2281.0,2180.0,2312.0,2087.0,9982
2009-07-13,2287.0,2277.0,2342.0,2122.0,3746
2009-07-14,2146.0,2186.0,2286.0,2087.0,1857
2009-07-15,2254.0,2145.0,2283.0,2145.0,461
2009-07-16,2284.0,2309.0,2342.0,2198.0,99
2009-07-17,2333.0,2142.0,2333.0,2122.0,2614
2009-07-20,2445.0,2312.0,2444.0,2198.0,2775
2009-07-21,2430.0,2286.0,2433.0,2286.0,349
2009-07-22,2281.0,2433.0,2494.0,2233.0,605
2009-07-23,2609.0,2280.0,2614.0,2128.0,1741
2009-07-24,2870.0,2928.0,2928.0,2480.0,4664
2009-07-27,2442.0,2869.0,3297.0,2441.0,59507
2009-07-28,2398.0,2453.0,2462.0,2289.0,9654
2009-07-29,2260.0,2462.0,2462.0,2248.0,6464
2009-07-30,2257.0,2315.0,2339.0,2198.0,3590
2009-07-31,2462.0,2216.0,2462.0,2213.0,3738
2009-08-03,2360.0,2459.0,2547.0,2315.0,3997
2009-08-04,2316.0,2368.0,2427.0,2315.0,1595
2009-08-05,2228.0,2137.0,2309.0,2137.0,611
2009-08-06,2418.0,2183.0,2433.0,2183.0,888
2009-08-07,2366.0,2245.0,2365.0,2245.0,800
2009-08-10,2697.0,2374.0,2717.0,2198.0,30370
2009-08-11,2292.0,2635.0,2708.0,2292.0,66586
2009-08-12,2204.0,2289.0,2289.0,2157.0,22639
2009-08-13,2202.0,2230.0,2312.0,2163.0,11078
2009-08-14,2184.0,2183.0,2254.0,2163.0,3991
2009-08-17,2196.0,2113.0,2195.0,2113.0,5143
2009-08-18,2298.0,2128.0,2459.0,2054.0,11894
2009-08-19,2284.0,2198.0,2298.0,2198.0,151
2009-08-20,2225.0,2286.0,2286.0,2142.0,1927
2009-08-21,2225.0,2245.0,2286.0,2054.0,1996
2009-08-24,2316.0,2236.0,2315.0,2151.0,2566
2009-08-25,2278.0,2286.0,2286.0,2172.0,1218
2009-08-26,2269.0,2175.0,2286.0,2175.0,229
2009-08-27,2251.0,2254.0,2254.0,2251.0,4
2009-08-28,2251.0,2198.0,2274.0,2175.0,2078
2009-08-31,2284.0,2345.0,2374.0,2216.0,712
2009-09-01,2284.0,2342.0,2342.0,2251.0,66
2009-09-02,2143.0,2345.0,2345.0,2128.0,2452
2009-09-03,2386.0,2198.0,2453.0,2142.0,10475
2009-09-04,2594.0,2444.0,2629.0,2271.0,8029
2009-09-07,2536.0,2500.0,2740.0,2494.0,4284
2009-09-08,2542.0,2491.0,2629.0,2257.0,20555
2009-09-09,2316.0,2521.0,2594.0,2301.0,7072
2009-09-10,2430.0,2315.0,2462.0,2178.0,5236
2009-09-11,2424.0,2421.0,2424.0,2286.0,4202
2009-09-14,2257.0,2377.0,2576.0,2236.0,1056
2009-09-15,2319.0,2315.0,2400.0,2213.0,856
2009-09-16,2339.0,2289.0,2380.0,2286.0,2605
2009-09-17,2389.0,2356.0,2433.0,2339.0,3063
2009-09-18,2395.0,2430.0,2433.0,2345.0,1719
2009-09-21,2398.0,2351.0,2403.0,2345.0,615
2009-09-22,2506.0,2755.0,2755.0,2482.0,111181
2009-09-23,2430.0,2509.0,2576.0,2351.0,9326
2009-09-24,2416.0,2427.0,2491.0,2353.0,6567
2009-09-25,2451.0,2415.0,2456.0,2362.0,1542
2009-09-28,2383.0,2433.0,2447.0,2362.0,1959
2009-09-29,2377.0,2456.0,2456.0,2374.0,1587
2009-09-30,2374.0,2400.0,2400.0,2315.0,4921
2009-10-01,2404.0,2389.0,2433.0,2327.0,1669
2009-10-05,2430.0,2403.0,2433.0,2403.0,107
2009-10-06,2433.0,2477.0,2477.0,2377.0,3038
2009-10-07,2424.0,2459.0,2459.0,2389.0,767
2009-10-08,2448.0,2447.0,2447.0,2374.0,3268
2009-10-09,2506.0,2447.0,2635.0,2427.0,1640
2009-10-12,2489.0,2550.0,2550.0,2436.0,406
2009-10-13,2509.0,2544.0,2544.0,2436.0,122
2009-10-14,2506.0,2518.0,2518.0,2433.0,998
2009-10-15,2544.0,2576.0,2591.0,2453.0,1648
2009-10-16,2536.0,2550.0,2550.0,2462.0,659
2009-10-19,2518.0,2462.0,2550.0,2436.0,394
2009-10-20,2512.0,2529.0,2529.0,2465.0,248
2009-10-21,2542.0,2550.0,2550.0,2465.0,70
2009-10-22,2521.0,2550.0,2550.0,2521.0,106
2009-10-23,2542.0,2535.0,2550.0,2477.0,907
2009-10-26,2536.0,2547.0,2547.0,2462.0,1497
2009-10-27,2530.0,2535.0,2535.0,2438.0,1521
2009-10-28,2527.0,2550.0,2550.0,2459.0,1668
2009-10-29,2512.0,2526.0,2526.0,2480.0,788
2009-10-30,2512.0,2532.0,2532.0,2462.0,762
2009-11-02,2544.0,2459.0,2544.0,2459.0,484
2009-11-03,2527.0,2474.0,2532.0,2459.0,402
2009-11-04,2527.0,2506.0,2526.0,2462.0,1032
2009-11-05,2498.0,2500.0,2500.0,2474.0,262
2009-11-06,2571.0,2497.0,2626.0,2465.0,1908
2009-11-09,2568.0,2567.0,2606.0,2512.0,737
2009-11-10,2577.0,2579.0,2591.0,2503.0,2081
2009-11-11,2559.0,2565.0,2603.0,2500.0,1657
2009-11-12,2577.0,2509.0,2576.0,2509.0,1091
2009-11-13,2571.0,2576.0,2576.0,2515.0,290
2009-11-16,2533.0,2521.0,2565.0,2509.0,1229
2009-11-17,2533.0,2532.0,2544.0,2491.0,327
2009-11-18,2524.0,2529.0,2529.0,2491.0,103
2009-11-19,2521.0,2491.0,2547.0,2482.0,1042
2009-11-20,2518.0,2518.0,2518.0,2500.0,52
2009-11-23,2515.0,2518.0,2523.0,2491.0,135
2009-11-24,2509.0,2491.0,2509.0,2462.0,234
2009-11-25,2521.0,2491.0,2521.0,2491.0,26
2009-11-26,2518.0,0.0,0.0,0.0,0
2009-11-27,2483.0,2480.0,2506.0,2459.0,44
2009-11-30,2503.0,2409.0,2506.0,2386.0,328
2009-12-01,2542.0,2541.0,2541.0,2541.0,43
2009-12-02,2498.0,2409.0,2497.0,2409.0,338
2009-12-03,2489.0,2421.0,2488.0,2418.0,870
2009-12-04,2489.0,2430.0,2488.0,2427.0,221
2009-12-07,2515.0,2465.0,2521.0,2453.0,3211
2009-12-08,2627.0,2480.0,2861.0,2480.0,8664
2009-12-09,2594.0,2632.0,2632.0,2480.0,7315
2009-12-10,2594.0,0.0,0.0,0.0,0
2009-12-11,2594.0,0.0,0.0,0.0,0
2009-12-14,2594.0,0.0,0.0,0.0,0
2009-12-15,2594.0,0.0,0.0,0.0,0
2009-12-16,2594.0,0.0,0.0,0.0,0
2009-12-17,2594.0,0.0,0.0,0.0,0
2009-12-18,2594.0,0.0,0.0,0.0,0
2009-12-21,2594.0,0.0,0.0,0.0,0
2009-12-22,2594.0,0.0,0.0,0.0,0
2009-12-23,2594.0,0.0,0.0,0.0,0
2009-12-24,2594.0,0.0,0.0,0.0,0
2009-12-28,2360.0,2594.0,2667.0,2213.0,86226
2009-12-29,2521.0,2374.0,2521.0,2286.0,9477
2009-12-30,2492.0,2521.0,2521.0,2315.0,9364
2010-01-04,2418.0,2359.0,2462.0,2213.0,4524
2010-01-05,2389.0,2286.0,2418.0,2286.0,454
2010-01-06,2374.0,2374.0,2374.0,2286.0,11517
2010-01-07,2389.0,2286.0,2418.0,2242.0,15922
2010-01-08,2345.0,2374.0,2374.0,2286.0,2695
2010-01-11,2345.0,2345.0,2345.0,2271.0,9556
2010-01-12,2360.0,2389.0,2389.0,2359.0,552
2010-01-13,2316.0,2301.0,2345.0,2227.0,10545
2010-01-14,2301.0,2286.0,2315.0,2198.0,6736
2010-01-15,2257.0,2257.0,2286.0,2198.0,29143
2010-01-18,2184.0,2286.0,2286.0,2183.0,19095
2010-01-19,2257.0,2183.0,2257.0,2183.0,12117
2010-01-20,2272.0,2286.0,2301.0,2213.0,4120
2010-01-21,2228.0,2271.0,2271.0,2154.0,7621
2010-01-22,2184.0,2154.0,2183.0,2066.0,10605
2010-01-25,2081.0,1978.0,2169.0,1978.0,5385
2010-01-26,2184.0,2110.0,2301.0,2052.0,1193
2010-01-27,2213.0,2198.0,2271.0,2169.0,7483
2010-01-28,2243.0,2213.0,2242.0,2052.0,10164
2010-01-29,2096.0,2257.0,2257.0,1978.0,11496
2010-02-01,2081.0,1964.0,2095.0,1832.0,7868
2010-02-02,2008.0,2095.0,2095.0,1949.0,1253
2010-02-03,2052.0,2022.0,2081.0,1978.0,7210
2010-02-04,2125.0,2169.0,2213.0,1949.0,11759
2010-02-05,2067.0,1978.0,2095.0,1978.0,2382
2010-02-08,2096.0,2125.0,2125.0,1964.0,5175
2010-02-09,1949.0,1993.0,2022.0,1905.0,21134
2010-02-10,1964.0,1905.0,2066.0,1905.0,5089
2010-02-11,1964.0,2198.0,2198.0,1934.0,6208
2010-02-12,2081.0,1949.0,2081.0,1949.0,701
2010-02-16,1979.0,2081.0,2110.0,1978.0,4340
2010-02-17,2081.0,2052.0,2110.0,1993.0,968
2010-02-18,2067.0,2081.0,2081.0,1993.0,12679
2010-02-19,1964.0,2052.0,2052.0,1964.0,26429
2010-02-22,2008.0,2066.0,2066.0,1934.0,744
2010-02-23,1949.0,2008.0,2008.0,1905.0,12532
2010-02-24,2037.0,1964.0,2066.0,1949.0,1686
2010-02-25,2052.0,1920.0,2052.0,1876.0,3941
2010-02-26,1964.0,2022.0,2022.0,1905.0,1538
2010-03-02,1964.0,1949.0,2022.0,1949.0,1241
2010-03-03,2052.0,1934.0,2052.0,1934.0,819
2010-03-04,1876.0,1920.0,1949.0,1788.0,116718
2010-03-05,1935.0,1993.0,1993.0,1846.0,11660
2010-03-08,1935.0,1964.0,1964.0,1846.0,22986
2010-03-09,1979.0,1890.0,1978.0,1890.0,9712
2010-03-10,1935.0,1876.0,2008.0,1876.0,31696
2010-03-11,1861.0,1949.0,1949.0,1846.0,35221
2010-03-12,1817.0,1876.0,1876.0,1817.0,9226
2010-03-15,1832.0,1817.0,1920.0,1817.0,6847
2010-03-16,1935.0,1817.0,1993.0,1817.0,1593
2010-03-17,1876.0,1949.0,2022.0,1861.0,9198
2010-03-18,1876.0,2022.0,2022.0,1861.0,5115
2010-03-19,2023.0,1876.0,2022.0,1876.0,773
2010-03-22,2008.0,2022.0,2022.0,2008.0,15
2010-03-23,1993.0,2022.0,2022.0,1890.0,2577
2010-03-24,1979.0,1993.0,1993.0,1876.0,6522
2010-03-25,1861.0,1890.0,1934.0,1846.0,4776
2010-03-26,1905.0,1846.0,1934.0,1846.0,4404
2010-03-29,1861.0,1905.0,1905.0,1817.0,16546
2010-03-30,1891.0,1876.0,1890.0,1817.0,4138
2010-03-31,1876.0,1890.0,1890.0,1612.0,6313
2010-04-01,1832.0,1861.0,1876.0,1670.0,6634
2010-04-02,1817.0,1758.0,1890.0,1758.0,2622
2010-04-05,1847.0,2066.0,2081.0,1788.0,28627
2010-04-06,1861.0,1890.0,1890.0,1788.0,12015
2010-04-07,1905.0,1744.0,1964.0,1744.0,240
2010-04-08,1847.0,1993.0,1993.0,1802.0,3589
2010-04-09,1920.0,1978.0,1978.0,1832.0,3644
2010-04-12,1920.0,1964.0,1964.0,1832.0,981
2010-04-13,1861.0,1920.0,1934.0,1846.0,4531
2010-04-14,1832.0,1949.0,1949.0,1817.0,2124
2010-04-15,1905.0,1920.0,1920.0,1861.0,1281
2010-04-16,1905.0,1802.0,1905.0,1802.0,2
2010-04-19,1891.0,1993.0,1993.0,1817.0,5669
2010-04-20,1935.0,1802.0,1978.0,1802.0,5112
2010-04-21,1876.0,1788.0,1949.0,1788.0,6308
2010-04-22,1847.0,1964.0,1964.0,1846.0,3636
2010-04-23,1905.0,1876.0,1934.0,1817.0,1482
2010-04-26,1891.0,1934.0,1949.0,1626.0,33876
2010-04-27,1949.0,1934.0,1949.0,1876.0,21173
2010-04-28,1935.0,1949.0,1949.0,1890.0,11259
2010-04-29,1949.0,1949.0,1949.0,1905.0,5603
2010-04-30,1949.0,1949.0,1949.0,1802.0,1705
2010-05-03,1949.0,1934.0,1949.0,1920.0,1110
2010-05-04,2037.0,1832.0,2227.0,1832.0,32450
2010-05-06,2052.0,2037.0,2052.0,1964.0,12872
2010-05-07,2067.0,2110.0,2110.0,1978.0,4261
2010-05-10,2081.0,2125.0,2330.0,1934.0,26146
2010-05-11,1979.0,1964.0,2052.0,1964.0,4954
2010-05-12,1891.0,2110.0,2110.0,1890.0,5884
2010-05-13,1979.0,1861.0,1993.0,1861.0,467
2010-05-14,2023.0,1876.0,2169.0,1876.0,1631
2010-05-17,1979.0,2037.0,2037.0,1861.0,2550
2010-05-18,1993.0,1964.0,2052.0,1890.0,1548
2010-05-19,1979.0,2008.0,2139.0,1920.0,2222
2010-05-20,1905.0,1949.0,1964.0,1685.0,35533
2010-05-24,1744.0,1905.0,1905.0,1670.0,8988
2010-05-25,1803.0,1905.0,1905.0,1612.0,5476
2010-05-26,2067.0,1744.0,2066.0,1744.0,179939
2010-05-27,2257.0,2125.0,2374.0,2081.0,393991
2010-05-28,2184.0,2242.0,2345.0,2095.0,264977
2010-05-31,2345.0,2139.0,2491.0,2066.0,302386
2010-06-01,2140.0,2447.0,2447.0,2139.0,219495
2010-06-03,1993.0,2198.0,2198.0,1832.0,117509
2010-06-04,1935.0,1846.0,2052.0,1832.0,156496
2010-06-07,1920.0,1802.0,1949.0,1758.0,51964
2010-06-08,1935.0,1846.0,1978.0,1817.0,67052
2010-06-09,1905.0,1978.0,1978.0,1876.0,22735
2010-06-10,1964.0,1890.0,2022.0,1876.0,58370
2010-06-11,1905.0,1978.0,1993.0,1861.0,67047
2010-06-14,1847.0,1920.0,1920.0,1802.0,15252
2010-06-15,1861.0,1817.0,1876.0,1817.0,13683
2010-06-16,1905.0,1876.0,1920.0,1846.0,18730
2010-06-17,1832.0,1876.0,1920.0,1832.0,46204
2010-06-18,1861.0,1832.0,1905.0,1788.0,23503
2010-06-21,1788.0,1890.0,1890.0,1744.0,42832
2010-06-22,2008.0,1890.0,2052.0,1832.0,243795
2010-06-23,1935.0,2008.0,2037.0,1920.0,13274
2010-06-24,2213.0,2037.0,2213.0,1890.0,188942
2010-06-25,2287.0,2301.0,2433.0,2139.0,469628
2010-06-28,2184.0,2257.0,2315.0,2139.0,137783
2010-06-29,2330.0,2183.0,2389.0,2125.0,547359
2010-06-30,2199.0,2242.0,2623.0,2081.0,721576
2010-07-01,2052.0,2198.0,2242.0,1993.0,193650
2010-07-02,2037.0,1993.0,2081.0,1964.0,90210
2010-07-05,2067.0,2052.0,2095.0,1949.0,129958
2010-07-06,2067.0,2037.0,2081.0,1993.0,80598
2010-07-07,2052.0,2066.0,2139.0,2022.0,89362
2010-07-08,2096.0,2052.0,2139.0,2037.0,80213
2010-07-09,2199.0,2125.0,2198.0,2066.0,70339
2010-07-12,2140.0,2242.0,2242.0,2110.0,36288
2010-07-13,2125.0,2139.0,2213.0,2081.0,31388
2010-07-14,2096.0,2183.0,2183.0,2066.0,27951
2010-07-15,2081.0,2066.0,2095.0,2037.0,43455
2010-07-16,2023.0,2081.0,2081.0,2022.0,35038
2010-07-19,1964.0,2022.0,2154.0,1920.0,88120
2010-07-20,2081.0,1964.0,2081.0,1949.0,11071
2010-07-21,2067.0,2081.0,2095.0,2008.0,14232
2010-07-22,2037.0,2008.0,2066.0,1964.0,22805
2010-07-23,2008.0,2008.0,2022.0,1964.0,16894
2010-07-26,2081.0,1964.0,2081.0,1905.0,34805
2010-07-27,1993.0,2081.0,2081.0,1993.0,13117
2010-07-28,2140.0,2022.0,2198.0,1978.0,199263
2010-07-29,2052.0,2052.0,2110.0,2022.0,2983828
2010-07-30,2125.0,2110.0,2227.0,2052.0,115062
2010-08-02,2081.0,2066.0,2095.0,2052.0,70476
2010-08-03,1993.0,2008.0,2081.0,1993.0,48268
2010-08-04,2052.0,2022.0,2110.0,1964.0,25963
2010-08-05,2037.0,2037.0,2052.0,1993.0,20636
2010-08-06,2023.0,1993.0,2022.0,1978.0,16663
2010-08-09,2008.0,1964.0,2022.0,1964.0,22524
2010-08-10,1979.0,2008.0,2008.0,1964.0,4747
2010-08-11,1979.0,2008.0,2008.0,1890.0,17649
2010-08-12,1964.0,1993.0,1993.0,1934.0,7375
2010-08-13,1935.0,1920.0,1964.0,1890.0,37580
2010-08-16,1920.0,1934.0,1978.0,1890.0,20845
2010-08-17,1920.0,1920.0,1920.0,1890.0,8343
2010-08-18,1876.0,1920.0,1920.0,1876.0,3500
2010-08-19,1891.0,1876.0,1934.0,1876.0,11716
2010-08-20,1891.0,1876.0,1920.0,1876.0,7242
2010-08-23,1861.0,1920.0,1920.0,1861.0,14672
2010-08-24,1861.0,1861.0,1876.0,1788.0,17661
2010-08-25,1891.0,1832.0,1890.0,1832.0,4774
2010-08-26,1891.0,1905.0,1905.0,1846.0,937
2010-08-27,1891.0,1876.0,1890.0,1817.0,10477
2010-08-30,1847.0,1876.0,1890.0,1846.0,2345
2010-08-31,1847.0,1817.0,1846.0,1817.0,12717
2010-09-01,1935.0,1817.0,1934.0,1817.0,63061
2010-09-02,1876.0,1934.0,1934.0,1846.0,4184
2010-09-03,1847.0,1876.0,1876.0,1729.0,7174
2010-09-06,1847.0,1846.0,2008.0,1788.0,172391
2010-09-07,1759.0,1817.0,1832.0,1758.0,37374
2010-09-08,1744.0,1788.0,1817.0,1744.0,72596
2010-09-09,1759.0,1758.0,1758.0,1714.0,18856
2010-09-10,1788.0,1758.0,1788.0,1714.0,13968
2010-09-13,1744.0,1773.0,1773.0,1729.0,4688
2010-09-14,1744.0,1773.0,1773.0,1729.0,4788
2010-09-15,1730.0,1729.0,1744.0,1685.0,8924
2010-09-16,1730.0,1729.0,1729.0,1685.0,5473
2010-09-17,1686.0,1729.0,1729.0,1685.0,19694
2010-09-20,1788.0,1685.0,1802.0,1685.0,9083
2010-09-24,1788.0,1788.0,1788.0,1788.0,10
2010-09-27,1671.0,1788.0,1788.0,1539.0,35976
2010-09-28,1700.0,1700.0,1714.0,1656.0,5579
2010-09-29,1642.0,1700.0,1714.0,1626.0,17420
2010-09-30,1642.0,1700.0,1700.0,1582.0,4315
2010-10-01,1583.0,1641.0,1670.0,1582.0,14618
2010-10-04,1624.0,1626.0,1626.0,1580.0,4255
2010-10-05,1624.0,1582.0,1624.0,1582.0,2348
2010-10-06,1636.0,1624.0,1635.0,1562.0,8013
2010-10-07,1627.0,1629.0,1629.0,1585.0,5494
2010-10-08,1592.0,1632.0,1632.0,1591.0,3942
2010-10-11,1612.0,1629.0,1629.0,1612.0,3829
2010-10-12,1627.0,1626.0,1626.0,1626.0,1096
2010-10-13,1627.0,1641.0,1641.0,1626.0,519
2010-10-14,1647.0,1729.0,1729.0,1641.0,2811
2010-10-15,1603.0,1653.0,1653.0,1553.0,25444
2010-10-18,1577.0,1603.0,1603.0,1439.0,40556
2010-10-19,1589.0,1612.0,1612.0,1527.0,15269
2010-10-20,1539.0,1588.0,1588.0,1509.0,7166
2010-10-21,1545.0,1524.0,1577.0,1465.0,4097
2010-10-22,1548.0,1544.0,1553.0,1477.0,10292
2010-10-25,1583.0,1541.0,1591.0,1524.0,1994
2010-10-26,1583.0,1582.0,1582.0,1582.0,111
2010-10-27,1551.0,1582.0,1582.0,1512.0,2888
2010-10-28,1545.0,1509.0,1562.0,1497.0,14079
2010-10-29,1598.0,1609.0,1609.0,1568.0,14238
2010-11-01,1835.0,1626.0,1835.0,1615.0,58263
2010-11-02,1949.0,2101.0,2107.0,1846.0,663294
2010-11-03,2119.0,1876.0,2213.0,1876.0,263978
2010-11-04,2152.0,2119.0,2257.0,1966.0,183588
2010-11-05,2011.0,2330.0,2330.0,1984.0,46071
2010-11-08,1712.0,1964.0,2019.0,1711.0,262753
2010-11-09,1647.0,1644.0,1750.0,1612.0,111849
2010-11-10,1709.0,1647.0,1726.0,1641.0,26465
2010-11-11,1756.0,1726.0,1788.0,1597.0,25956
2010-11-12,1703.0,1755.0,1755.0,1647.0,14211
2010-11-15,1917.0,1758.0,1955.0,1697.0,127397
2010-11-16,1970.0,1914.0,2122.0,1914.0,261256
2010-11-17,1815.0,2019.0,2019.0,1747.0,40598
2010-11-18,1812.0,1814.0,1814.0,1753.0,15982
2010-11-19,1741.0,1761.0,1814.0,1729.0,29834
2010-11-22,1803.0,1785.0,1802.0,1723.0,34983
2010-11-23,1806.0,1802.0,1817.0,1732.0,8032
2010-11-24,1768.0,1714.0,1776.0,1641.0,33772
2010-11-25,1750.0,1758.0,1767.0,1703.0,12424
2010-11-26,1920.0,1758.0,2010.0,1629.0,192374
2010-11-29,1920.0,2052.0,2052.0,1794.0,33223
2010-11-30,1920.0,1975.0,1975.0,1788.0,47483
2010-12-01,1929.0,1905.0,1975.0,1826.0,7221
2010-12-02,1929.0,0.0,0.0,0.0,0
2010-12-03,1712.0,2037.0,2216.0,1711.0,1814758
2010-12-06,1683.0,1758.0,1758.0,1656.0,198400
2010-12-07,1689.0,1670.0,1717.0,1650.0,55702
2010-12-08,1656.0,1647.0,1729.0,1644.0,77009
2010-12-09,1706.0,1717.0,1723.0,1644.0,5693
2010-12-10,1718.0,1706.0,1744.0,1659.0,36364
2010-12-13,1706.0,1755.0,1755.0,1673.0,24000
2010-12-14,1700.0,1720.0,1720.0,1676.0,6833
2010-12-15,1671.0,1729.0,1729.0,1656.0,11586
2010-12-16,1656.0,1670.0,1691.0,1612.0,25999
2010-12-17,1524.0,1656.0,1656.0,1524.0,88033
2010-12-20,1521.0,1524.0,1544.0,1453.0,65372
2010-12-21,1671.0,1574.0,1700.0,1524.0,42081
2010-12-22,1606.0,1688.0,1688.0,1541.0,15680
2010-12-23,1580.0,1656.0,1656.0,1553.0,4914
2010-12-24,1510.0,1609.0,1609.0,1495.0,45491
2010-12-27,1495.0,1521.0,1670.0,1465.0,43763
2010-12-28,1530.0,1556.0,1556.0,1480.0,768
2010-12-29,1530.0,1495.0,1547.0,1483.0,28421
2010-12-30,1580.0,1565.0,1659.0,1530.0,40495
2011-01-03,1554.0,1612.0,1612.0,1512.0,6970
2011-01-04,1568.0,1553.0,1697.0,1530.0,18909
2011-01-05,1574.0,1594.0,1594.0,1518.0,8143
2011-01-06,1530.0,1582.0,1582.0,1500.0,25988
2011-01-07,1504.0,1497.0,1539.0,1497.0,15600
2011-01-10,1495.0,1580.0,1580.0,1492.0,34571
2011-01-11,1501.0,1497.0,1556.0,1497.0,19901
2011-01-12,1501.0,1521.0,1565.0,1480.0,29419
2011-01-13,1510.0,1509.0,1547.0,1486.0,19468
2011-01-14,1507.0,1509.0,1509.0,1489.0,19684
2011-01-17,1483.0,1465.0,1506.0,1465.0,33270
2011-01-18,1510.0,1492.0,1641.0,1480.0,59876
2011-01-19,1489.0,1509.0,1515.0,1486.0,36935
2011-01-20,1510.0,1486.0,1509.0,1486.0,4430
2011-01-21,1513.0,1509.0,1521.0,1480.0,13890
2011-01-24,1507.0,1521.0,1521.0,1483.0,9807
2011-01-25,1466.0,1486.0,1512.0,1459.0,40641
2011-01-26,1486.0,1465.0,1503.0,1465.0,1806
2011-01-27,1469.0,1465.0,1506.0,1459.0,15548
2011-01-28,1466.0,1594.0,1594.0,1465.0,34759
2011-01-31,1392.0,1471.0,1495.0,1392.0,21805
2011-02-01,1454.0,1474.0,1597.0,1436.0,19962
2011-02-07,1524.0,1468.0,1536.0,1468.0,5421
2011-02-08,1516.0,1518.0,1518.0,1474.0,240
2011-02-09,1521.0,1539.0,1539.0,1477.0,10515
2011-02-10,1524.0,1480.0,1597.0,1480.0,13040
2011-02-11,1518.0,1574.0,1574.0,1486.0,18215
2011-02-14,1513.0,1483.0,1544.0,1480.0,9129
2011-02-15,1480.0,1562.0,1562.0,1292.0,17366
2011-02-16,1501.0,1524.0,1524.0,1459.0,9450
2011-02-17,1483.0,1471.0,1503.0,1453.0,558
2011-02-18,1463.0,1465.0,1480.0,1448.0,3975
2011-02-21,1513.0,1527.0,1580.0,1465.0,34896
2011-02-22,1466.0,1591.0,1591.0,1451.0,19914
2011-02-23,1489.0,1439.0,1559.0,1439.0,28926
2011-02-24,1498.0,1539.0,1539.0,1465.0,1023
2011-02-25,1486.0,1459.0,1497.0,1459.0,1438
2011-02-28,1483.0,1483.0,1483.0,1433.0,3201
2011-03-02,1554.0,1474.0,1676.0,1465.0,7197
2011-03-03,1498.0,1456.0,1544.0,1456.0,19814
2011-03-04,1516.0,1451.0,1515.0,1451.0,19642
2011-03-07,1463.0,1465.0,1521.0,1325.0,12799
2011-03-08,1521.0,1477.0,1659.0,1389.0,77323
2011-03-09,1507.0,1582.0,1597.0,1474.0,22484
2011-03-10,1486.0,1550.0,1550.0,1451.0,24540
2011-03-11,1486.0,1462.0,1509.0,1436.0,2037
2011-03-14,1486.0,1448.0,1547.0,1448.0,24066
2011-03-15,1469.0,1465.0,1527.0,1433.0,15809
2011-03-16,1451.0,1462.0,1465.0,1410.0,23239
2011-03-17,1463.0,1415.0,1468.0,1407.0,9080
2011-03-18,1448.0,1407.0,1456.0,1404.0,15457
2011-03-21,1404.0,1421.0,1456.0,1339.0,15868
2011-03-22,1454.0,1401.0,1492.0,1389.0,3217
2011-03-23,1448.0,1459.0,1459.0,1333.0,13059
2011-03-24,1442.0,1371.0,1448.0,1371.0,7019
2011-03-25,1431.0,1453.0,1453.0,1377.0,4736
2011-03-28,1445.0,1456.0,1456.0,1404.0,18469
2011-03-29,1466.0,1427.0,1465.0,1424.0,158
2011-03-30,1466.0,1465.0,1465.0,1465.0,171
2011-03-31,1460.0,1465.0,1465.0,1415.0,191
2011-04-01,1477.0,1518.0,1518.0,1421.0,11237
2011-04-04,1466.0,1465.0,1477.0,1436.0,23
2011-04-05,1466.0,1415.0,1489.0,1415.0,12463
2011-04-06,1460.0,1515.0,1515.0,1410.0,14583
2011-04-07,1466.0,1407.0,1465.0,1392.0,16496
2011-04-08,1433.0,1465.0,1486.0,1410.0,4805
2011-04-11,1433.0,1433.0,1442.0,1412.0,424
2011-04-12,1433.0,1433.0,1445.0,1407.0,5331
2011-04-13,1419.0,1430.0,1433.0,1374.0,3388
2011-04-14,1419.0,1240.0,1433.0,1240.0,94612
2011-04-15,1392.0,1392.0,1418.0,1319.0,3231
2011-04-18,1407.0,1412.0,1459.0,1275.0,16534
2011-04-19,1416.0,1436.0,1436.0,1383.0,253
2011-04-20,1410.0,1395.0,1410.0,1374.0,902
2011-04-21,1384.0,1430.0,1436.0,1289.0,34741
2011-04-22,1334.0,1377.0,1377.0,1327.0,6176
2011-04-25,1431.0,1333.0,1430.0,1319.0,18517
2011-04-26,1477.0,1363.0,1483.0,1363.0,47287
2011-04-27,1480.0,1354.0,1518.0,1354.0,29044
2011-04-28,1489.0,1436.0,1495.0,1412.0,24225
2011-04-29,1486.0,1401.0,1492.0,1401.0,8658
2011-05-02,1501.0,1518.0,1518.0,1424.0,8755
2011-05-03,1466.0,1515.0,1518.0,1445.0,8806
2011-05-04,1472.0,1512.0,1512.0,1436.0,5590
2011-05-06,1495.0,1550.0,1550.0,1451.0,3824
2011-05-09,1510.0,1524.0,1524.0,1445.0,152226
2011-05-11,1477.0,1509.0,1509.0,1471.0,6701
2011-05-12,1495.0,1506.0,1506.0,1442.0,1167
2011-05-13,1489.0,1553.0,1553.0,1412.0,2637
2011-05-16,1475.0,1474.0,1580.0,1442.0,23524
2011-05-17,1460.0,1465.0,1477.0,1445.0,4818
2011-05-18,1475.0,1495.0,1495.0,1421.0,4045
2011-05-19,1436.0,1445.0,1503.0,1436.0,12343
2011-05-20,1390.0,1412.0,1495.0,1319.0,16186
2011-05-23,1340.0,1412.0,1492.0,1339.0,32792
2011-05-24,1351.0,1354.0,1354.0,1325.0,11171
2011-05-25,1290.0,1430.0,1430.0,1289.0,23702
2011-05-26,1357.0,1292.0,1380.0,1292.0,4968
2011-05-27,1325.0,1357.0,1357.0,1240.0,39102
2011-05-30,1296.0,1292.0,1336.0,1289.0,1029
2011-05-31,1325.0,1322.0,1325.0,1272.0,15826
2011-06-01,1328.0,1325.0,1509.0,1289.0,32705
2011-06-02,1299.0,1304.0,1307.0,1260.0,2433676
2011-06-03,1293.0,1304.0,1304.0,1260.0,1413
2011-06-07,1296.0,1304.0,1304.0,1295.0,5364
2011-06-08,1319.0,1377.0,1377.0,1204.0,10015
2011-06-09,1307.0,1319.0,1374.0,1260.0,26346
2011-06-10,1310.0,1404.0,1404.0,1278.0,10306
2011-06-13,1316.0,1251.0,1339.0,1240.0,9677
2011-06-14,1310.0,1392.0,1392.0,1119.0,34628
2011-06-15,1307.0,1333.0,1333.0,1283.0,1004
2011-06-16,1208.0,1336.0,1336.0,1190.0,35680
2011-06-17,1258.0,1207.0,1325.0,1187.0,158034
2011-06-20,1296.0,1310.0,1319.0,1228.0,165898
2011-06-21,1381.0,1348.0,1465.0,1301.0,71240
2011-06-22,1562.0,1412.0,1585.0,1410.0,500920
2011-06-23,1536.0,1553.0,1574.0,1421.0,165640
2011-06-24,1642.0,1536.0,1659.0,1471.0,95427
2011-06-27,1642.0,1641.0,1729.0,1509.0,190617
2011-06-28,1642.0,1641.0,1741.0,1568.0,105879
2011-06-29,1639.0,1641.0,1744.0,1515.0,104444
2011-06-30,1662.0,1738.0,1738.0,1550.0,73972
2011-07-01,1639.0,1562.0,1711.0,1541.0,159317
2011-07-04,1650.0,1638.0,1723.0,1553.0,157301
2011-07-05,1650.0,1656.0,1682.0,1559.0,156449
2011-07-06,1756.0,1641.0,1755.0,1597.0,230969
2011-07-07,1738.0,1758.0,1799.0,1653.0,129454
2011-07-08,1686.0,1755.0,1755.0,1659.0,57403
2011-07-11,1671.0,1615.0,1755.0,1615.0,169739
2011-07-12,1700.0,1676.0,1735.0,1624.0,30397
2011-07-13,1724.0,1750.0,1750.0,1656.0,146764
2011-07-14,1741.0,1723.0,1744.0,1685.0,173710
2011-07-15,1826.0,1729.0,1826.0,1656.0,424649
2011-07-18,1853.0,1852.0,1876.0,1729.0,463931
2011-07-19,1996.0,1876.0,2025.0,1832.0,409891
2011-07-20,2078.0,2043.0,2110.0,1934.0,605016
2011-07-21,2029.0,2078.0,2095.0,2025.0,78702
2011-07-22,2049.0,2098.0,2104.0,2005.0,140402
2011-07-25,2105.0,1952.0,2110.0,1952.0,325381
2011-07-26,2131.0,2104.0,2137.0,2057.0,52112
2011-07-27,2149.0,2166.0,2166.0,2060.0,229452
2011-07-28,2149.0,2433.0,2433.0,2095.0,175186
2011-07-29,2281.0,2081.0,2280.0,2072.0,100174
2011-08-01,2316.0,2277.0,2336.0,2239.0,46643
2011-08-02,2342.0,2315.0,2403.0,1975.0,230193
2011-08-03,2345.0,2392.0,2392.0,2271.0,66117
2011-08-04,2345.0,2397.0,2397.0,2251.0,185557
2011-08-05,2342.0,2318.0,2418.0,2139.0,44459
2011-08-08,2333.0,2286.0,2342.0,2213.0,21916
2011-08-09,2316.0,2333.0,2339.0,1984.0,148363
2011-08-10,2609.0,2315.0,2629.0,2254.0,245782
2011-08-11,2533.0,2608.0,2635.0,2266.0,110271
2011-08-12,2542.0,2532.0,2620.0,2412.0,222127
2011-08-16,2565.0,2635.0,2635.0,2453.0,124332
2011-08-17,2606.0,2567.0,2664.0,2482.0,79579
2011-08-18,2597.0,2606.0,2770.0,2550.0,126767
2011-08-19,2518.0,2661.0,2661.0,2236.0,200746
2011-08-22,2521.0,2635.0,2635.0,2380.0,96607
2011-08-23,2530.0,2521.0,2579.0,2389.0,248417
2011-08-24,2266.0,2529.0,2664.0,2266.0,113789
2011-08-25,2588.0,2550.0,2603.0,2292.0,231793
2011-08-26,2668.0,2521.0,2726.0,2521.0,93851
2011-08-29,2709.0,2667.0,2717.0,2500.0,123375
2011-08-30,2723.0,2726.0,2737.0,2688.0,114827
2011-08-31,2744.0,2755.0,2773.0,2638.0,78874
2011-09-01,2750.0,2831.0,2831.0,2608.0,70054
2011-09-02,2744.0,2696.0,2749.0,2491.0,105025
2011-09-05,2723.0,2740.0,2743.0,2638.0,52086
2011-09-06,2703.0,2720.0,2931.0,2579.0,130527
2011-09-07,2747.0,2723.0,2834.0,2641.0,46911
2011-09-08,2712.0,2799.0,2799.0,2682.0,114239
2011-09-09,2671.0,2711.0,2776.0,2383.0,309402
2011-09-14,2644.0,2749.0,2749.0,2550.0,87115
2011-09-15,2583.0,2667.0,3019.0,2421.0,178663
2011-09-16,2547.0,2541.0,2828.0,2438.0,268722
2011-09-19,2547.0,2547.0,2562.0,2219.0,159129
2011-09-20,2509.0,2547.0,2579.0,2351.0,570758
2011-09-21,2471.0,2506.0,2506.0,2403.0,25292
2011-09-22,2457.0,2433.0,2471.0,2383.0,111854
2011-09-23,2433.0,2224.0,2749.0,2224.0,118963
2011-09-26,2427.0,2491.0,2491.0,2227.0,83064
2011-09-27,2257.0,2301.0,2477.0,2066.0,205795
2011-09-28,2190.0,2213.0,2333.0,2137.0,49803
2011-09-29,2193.0,2110.0,2236.0,2075.0,48469
2011-09-30,2336.0,2213.0,2397.0,2169.0,88206
2011-10-04,2260.0,2342.0,2342.0,2257.0,31013
2011-10-05,2298.0,2271.0,2345.0,2066.0,102363
2011-10-06,2418.0,2286.0,2433.0,2254.0,48356
2011-10-07,2536.0,2433.0,2638.0,2321.0,135761
2011-10-10,2530.0,2535.0,2547.0,2453.0,75222
2011-10-11,2553.0,2441.0,2735.0,2441.0,98128
2011-10-12,2518.0,2620.0,2620.0,2453.0,79170
2011-10-13,2386.0,2559.0,2606.0,2386.0,63942
2011-10-14,2506.0,2424.0,2521.0,2292.0,47329
2011-10-17,2492.0,2726.0,2726.0,2418.0,226136
2011-10-18,2530.0,2491.0,2682.0,2427.0,279271
2011-10-19,2539.0,2535.0,2570.0,2465.0,96608
2011-10-20,2550.0,2488.0,2635.0,2488.0,215689
2011-10-21,2682.0,2667.0,2693.0,2494.0,154087
2011-10-24,2568.0,2723.0,2723.0,2526.0,169786
2011-10-25,2565.0,2567.0,2632.0,2535.0,150171
2011-10-26,2632.0,2567.0,2641.0,2550.0,126894
2011-10-27,2673.0,2635.0,2737.0,2579.0,336544
2011-10-28,2673.0,2711.0,2872.0,2585.0,124979
2011-10-31,2647.0,2617.0,2828.0,2579.0,156872
2011-11-01,2638.0,2647.0,2764.0,2559.0,113316
2011-11-02,2618.0,2635.0,2755.0,2562.0,149336
2011-11-03,2588.0,2608.0,2755.0,2491.0,94631
2011-11-04,2647.0,2588.0,2691.0,2515.0,82927
2011-11-07,2650.0,2723.0,2723.0,2588.0,87033
2011-11-08,2659.0,2658.0,2714.0,2603.0,65776
2011-11-09,2668.0,2749.0,2749.0,2614.0,48172
2011-11-10,2647.0,2676.0,2814.0,2579.0,92031
2011-11-11,2665.0,2661.0,2749.0,2638.0,81134
2011-11-14,2647.0,2667.0,2691.0,2611.0,14554
2011-11-15,2688.0,2688.0,2693.0,2538.0,133237
2011-11-16,2706.0,2784.0,2784.0,2650.0,49133
2011-11-17,2712.0,2705.0,2723.0,2661.0,23960
2011-11-18,2697.0,2737.0,2737.0,2611.0,47724
2011-11-21,2668.0,2647.0,2711.0,2521.0,230892
2011-11-22,2662.0,2670.0,2679.0,2582.0,209221
2011-11-23,2638.0,2702.0,2702.0,2462.0,218913
2011-11-24,2638.0,2652.0,2887.0,2535.0,143288
2011-11-25,2632.0,2688.0,2688.0,2576.0,81668
2011-11-28,2565.0,2570.0,2632.0,2515.0,102197
2011-11-29,2630.0,2521.0,2638.0,2521.0,18197
2011-11-30,2618.0,2726.0,2726.0,2477.0,167114
2011-12-01,2597.0,2585.0,2685.0,2538.0,60568
2011-12-02,2536.0,2691.0,2691.0,2535.0,25512
2011-12-05,2515.0,2535.0,2535.0,2406.0,118265
2011-12-06,2518.0,2661.0,2661.0,2441.0,51311
2011-12-07,2600.0,2626.0,2626.0,2462.0,74733
2011-12-08,2606.0,2523.0,2608.0,2521.0,10198
2011-12-09,2492.0,2541.0,2544.0,2462.0,75943
2011-12-12,2489.0,2465.0,2550.0,2465.0,305316
2011-12-13,2486.0,2441.0,2608.0,2441.0,96316
2011-12-14,2489.0,2471.0,2491.0,2438.0,67748
2011-12-15,2773.0,2518.0,2814.0,2518.0,260967
2011-12-16,2826.0,2773.0,2872.0,2702.0,337351
2011-12-19,2773.0,2825.0,2828.0,2670.0,425380
2011-12-20,2855.0,2773.0,2884.0,2661.0,180365
2011-12-21,2797.0,2773.0,2887.0,2773.0,254174
2011-12-22,2814.0,2790.0,2902.0,2790.0,190377
2011-12-23,2838.0,2852.0,3063.0,2761.0,2215706
2011-12-26,2849.0,2834.0,2890.0,2784.0,1111058
2011-12-27,2923.0,2843.0,3034.0,2843.0,404694
2011-12-28,3357.0,2931.0,3356.0,2931.0,1820297
2011-12-29,3400.0,3400.0,3459.0,3239.0,1131022
2012-01-02,3400.0,3415.0,3459.0,3239.0,379986
2012-01-03,3386.0,3356.0,3473.0,3341.0,240716
2012-01-04,3591.0,3503.0,3678.0,3356.0,399970
2012-01-05,3576.0,3488.0,3796.0,3429.0,335516
2012-01-06,3518.0,3576.0,3649.0,3503.0,181483
2012-01-09,3254.0,3503.0,3517.0,3253.0,271708
2012-01-10,3298.0,3341.0,3664.0,3253.0,439771
2012-01-11,3782.0,3312.0,3781.0,3312.0,1028868
2012-01-12,4280.0,3781.0,4338.0,3678.0,1146789
2012-01-13,4412.0,4133.0,4470.0,4133.0,586508
2012-01-16,4339.0,4426.0,4690.0,4294.0,360698
2012-01-17,4397.0,4309.0,4441.0,4162.0,231848
2012-01-18,4602.0,4485.0,4748.0,4397.0,400410
2012-01-19,4514.0,4602.0,4646.0,4455.0,243533
2012-01-20,4514.0,4470.0,4866.0,4397.0,283862
2012-01-25,4207.0,4441.0,4646.0,4206.0,269851
2012-01-26,4602.0,4338.0,4792.0,4060.0,1039001
2012-01-27,4749.0,4690.0,5130.0,4529.0,822846
2012-01-30,5013.0,4690.0,5217.0,4690.0,598496
2012-01-31,5145.0,5188.0,5247.0,4924.0,382625
2012-02-01,5115.0,5027.0,5291.0,5027.0,155519
2012-02-02,5350.0,5115.0,5423.0,5071.0,210717
2012-02-03,5643.0,5349.0,5672.0,5349.0,277457
2012-02-06,5599.0,5643.0,5716.0,5423.0,345599
2012-02-07,5922.0,5511.0,6126.0,5511.0,248723
2012-02-08,6097.0,5848.0,6170.0,5848.0,416295
2012-02-09,6288.0,6287.0,6287.0,5818.0,329034
2012-02-10,6391.0,6156.0,6683.0,6156.0,325487
2012-02-13,6391.0,6449.0,6537.0,6156.0,220113
2012-02-14,6391.0,6390.0,6493.0,5921.0,258869
2012-02-15,6977.0,6449.0,6976.0,6302.0,347359
2012-02-16,7329.0,7123.0,7475.0,7035.0,410419
2012-02-17,7314.0,7328.0,7343.0,7108.0,313543
2012-02-20,7329.0,7182.0,7328.0,7182.0,190764
2012-02-21,7417.0,7475.0,7577.0,7211.0,331868
2012-02-22,7417.0,7387.0,7533.0,7182.0,277190
2012-02-23,7856.0,7416.0,8501.0,7211.0,784667
2012-02-24,8809.0,7914.0,8823.0,7900.0,1442222
2012-02-27,8941.0,9058.0,9058.0,8090.0,592628
2012-02-28,9644.0,8940.0,9966.0,8794.0,730215
2012-02-29,9674.0,9820.0,10186.0,9116.0,704103
2012-03-02,9234.0,9703.0,9703.0,8852.0,1132996
2012-03-05,9058.0,9321.0,9849.0,8515.0,916970
2012-03-06,7710.0,9365.0,9585.0,7709.0,1379348
2012-03-07,6566.0,6566.0,6566.0,6566.0,298130
2012-03-08,5584.0,5584.0,5584.0,5584.0,194292
2012-03-09,4749.0,4748.0,5144.0,4748.0,5327598
2012-03-12,4045.0,4382.0,4617.0,4045.0,16431386
2012-03-13,4148.0,4162.0,4265.0,3752.0,24562543
2012-03-14,4031.0,4104.0,4309.0,3928.0,12245454
2012-03-15,4045.0,4104.0,4294.0,3986.0,16041541
2012-03-16,3620.0,4060.0,4133.0,3459.0,15530136
2012-03-19,3811.0,3605.0,3884.0,3591.0,9657934
2012-03-20,3547.0,3810.0,3825.0,3459.0,6726678
2012-03-21,3518.0,3547.0,3678.0,3488.0,4952878
2012-03-22,3650.0,3503.0,3722.0,3503.0,6770920
2012-03-23,4192.0,3752.0,4191.0,3649.0,10587706
2012-03-26,4119.0,4397.0,4792.0,4074.0,26129174
2012-03-27,4221.0,4279.0,4573.0,3986.0,13793889
2012-03-28,4353.0,4294.0,4441.0,4147.0,9567367
2012-03-29,3884.0,4411.0,4426.0,3869.0,7353908
2012-03-30,3664.0,3840.0,3942.0,3547.0,9462431
2012-04-02,3723.0,3634.0,3781.0,3620.0,3529130
2012-04-03,3166.0,3766.0,3766.0,3165.0,7946418
2012-04-04,2802.0,3048.0,3253.0,2696.0,12317998
2012-04-05,2594.0,2825.0,2864.0,2433.0,5628974
2012-04-06,2697.0,2617.0,2946.0,2491.0,6074288
2012-04-09,2292.0,2740.0,2740.0,2292.0,3106516
2012-04-10,2143.0,2254.0,2342.0,1996.0,2909989
2012-04-12,2155.0,2139.0,2339.0,2087.0,2235437
2012-04-13,2477.0,2198.0,2477.0,2169.0,3714220
2012-04-16,2565.0,2594.0,2743.0,2509.0,5988459
2012-04-17,2565.0,2565.0,2611.0,2494.0,2915263
2012-04-18,2550.0,2600.0,2696.0,2506.0,2967767
2012-04-19,2931.0,2667.0,2931.0,2641.0,11709369
2012-04-20,2638.0,2902.0,3034.0,2638.0,9039452
2012-04-23,2433.0,2685.0,2708.0,2394.0,3073246
2012-04-24,2392.0,2365.0,2459.0,2330.0,1724326
2012-04-25,2339.0,2383.0,2456.0,2324.0,1860772
2012-04-26,2257.0,2374.0,2603.0,2257.0,4220276
2012-04-27,2342.0,2309.0,2415.0,2239.0,2309346
2012-04-30,2196.0,2345.0,2412.0,2110.0,1808595
2012-05-02,2292.0,2198.0,2397.0,2107.0,2133836
2012-05-03,2304.0,2345.0,2371.0,2195.0,1696120
2012-05-04,2465.0,2324.0,2632.0,2298.0,4444103
2012-05-07,2465.0,2418.0,2608.0,2383.0,3001080
2012-05-08,2600.0,2506.0,2784.0,2462.0,4756308
2012-05-09,2547.0,2579.0,2696.0,2503.0,1535365
2012-05-10,2166.0,2227.0,2327.0,2166.0,4562301
2012-05-11,2087.0,2163.0,2166.0,2037.0,1868056
2012-05-14,2052.0,2087.0,2125.0,2049.0,1101986
2012-05-15,2008.0,2052.0,2087.0,1946.0,806090
2012-05-16,2046.0,2031.0,2122.0,1996.0,974577
2012-05-17,2134.0,2066.0,2230.0,2052.0,2209959
2012-05-18,2002.0,2110.0,2125.0,1993.0,898357
2012-05-21,2002.0,1961.0,2022.0,1958.0,566845
2012-05-22,2020.0,2005.0,2075.0,1987.0,1092448
2012-05-23,1955.0,2025.0,2034.0,1943.0,674737
2012-05-24,1955.0,1920.0,1972.0,1881.0,677470
2012-05-25,2020.0,1955.0,2052.0,1911.0,822555
2012-05-29,2026.0,2081.0,2119.0,2025.0,1049607
2012-05-30,1988.0,2043.0,2066.0,1958.0,567689
2012-05-31,2049.0,1993.0,2060.0,1920.0,769046
2012-06-01,2099.0,2066.0,2312.0,2040.0,3890076
2012-06-04,2096.0,2022.0,2186.0,2013.0,1580752
2012-06-05,1944.0,1908.0,1999.0,1908.0,3128775
2012-06-07,2234.0,1961.0,2233.0,1943.0,8472263
2012-06-08,2568.0,2518.0,2567.0,2406.0,2238447
2012-06-11,2843.0,2594.0,2946.0,2447.0,27242829
2012-06-12,3269.0,2814.0,3268.0,2726.0,10566721
2012-06-13,3342.0,3459.0,3708.0,3253.0,20796781
2012-06-14,3137.0,3312.0,3547.0,3078.0,10358386
2012-06-15,3049.0,3195.0,3253.0,2928.0,7584947
2012-06-18,3503.0,3092.0,3503.0,3034.0,13901208
2012-06-19,3826.0,3591.0,3869.0,3459.0,19288910
2012-06-20,3752.0,4016.0,4294.0,3752.0,15735890
2012-06-21,3562.0,3737.0,3869.0,3532.0,11532941
2012-06-22,3635.0,3561.0,3840.0,3547.0,8872232
2012-06-25,3430.0,3664.0,3766.0,3341.0,5248792
2012-06-26,3313.0,3459.0,3547.0,3195.0,7172901
2012-06-27,3254.0,3356.0,3752.0,3136.0,15114920
2012-06-28,3283.0,3107.0,3444.0,3063.0,8139512
2012-06-29,3151.0,3341.0,3341.0,3151.0,2789036
2012-07-02,3239.0,3195.0,3444.0,3121.0,8761642
2012-07-03,3430.0,3268.0,3693.0,3268.0,13651210
2012-07-04,3386.0,3429.0,3503.0,3297.0,5239352
2012-07-05,2975.0,3371.0,3400.0,2975.0,10620276
2012-07-06,2867.0,2975.0,3004.0,2714.0,7515093
2012-07-09,2439.0,2565.0,2579.0,2438.0,9282112
2012-07-10,2287.0,2383.0,2406.0,2236.0,5431214
2012-07-11,2436.0,2348.0,2550.0,2315.0,10415109
2012-07-12,2404.0,2491.0,2579.0,2383.0,7105541
2012-07-13,2301.0,2403.0,2456.0,2192.0,2888528
2012-07-16,2275.0,2330.0,2342.0,2248.0,1906295
2012-07-17,2301.0,2266.0,2336.0,2248.0,2160378
2012-07-18,2386.0,2304.0,2600.0,2304.0,13949722
2012-07-19,2310.0,2400.0,2480.0,2301.0,4312582
2012-07-20,2342.0,2289.0,2403.0,2289.0,2876566
2012-07-23,2228.0,2342.0,2359.0,2198.0,1918909
2012-07-24,2243.0,2224.0,2277.0,2166.0,1166705
2012-07-25,2084.0,2110.0,2134.0,2066.0,2014570
2012-07-26,2131.0,2040.0,2183.0,2040.0,1466237
2012-07-27,2134.0,2169.0,2172.0,2116.0,852834
2012-07-30,2289.0,2148.0,2353.0,2137.0,3456845
2012-07-31,2272.0,2301.0,2307.0,2207.0,1170759
2012-08-01,2284.0,2251.0,2298.0,2224.0,801990
2012-08-02,2322.0,2304.0,2403.0,2289.0,3178793
2012-08-03,2266.0,2324.0,2336.0,2257.0,1217940
2012-08-06,2278.0,2268.0,2312.0,2263.0,714278
2012-08-07,2257.0,2289.0,2309.0,2254.0,862765
2012-08-08,2234.0,2242.0,2289.0,2195.0,1255811
2012-08-09,2225.0,2233.0,2260.0,2183.0,888146
2012-08-10,2556.0,2260.0,2556.0,2245.0,11384404
2012-08-13,2615.0,2688.0,2820.0,2606.0,15224265
2012-08-14,2580.0,2573.0,2638.0,2512.0,5669261
2012-08-16,2462.0,2570.0,2603.0,2444.0,3837208
2012-08-17,2474.0,2465.0,2573.0,2447.0,4119787
2012-08-20,2105.0,2213.0,2251.0,2104.0,7348683
2012-08-21,2181.0,2125.0,2227.0,2125.0,4100476
2012-08-22,2163.0,2175.0,2210.0,2131.0,1822199
2012-08-23,2158.0,2178.0,2207.0,2125.0,2005820
2012-08-24,2158.0,2157.0,2183.0,2139.0,1522441
2012-08-27,2169.0,2154.0,2192.0,2137.0,1666610
2012-08-28,2122.0,2163.0,2169.0,2119.0,1529579
2012-08-29,2119.0,2137.0,2137.0,2072.0,1594685
2012-08-30,2102.0,2107.0,2213.0,2081.0,2978458
2012-08-31,2416.0,2122.0,2415.0,1788.0,5910535
2012-09-03,2638.0,2776.0,2776.0,2529.0,20567838
2012-09-04,2442.0,2641.0,2667.0,2397.0,9199009
2012-09-05,2377.0,2374.0,2521.0,2353.0,4450159
2012-09-06,2213.0,2142.0,2342.0,2139.0,5815781
2012-09-07,2257.0,2242.0,2339.0,2207.0,3360752
2012-09-10,2178.0,2301.0,2301.0,2157.0,3754662
2012-09-11,2131.0,2198.0,2198.0,2072.0,2669822
2012-09-12,2451.0,2131.0,2450.0,2125.0,3754490
2012-09-13,2336.0,2693.0,2726.0,2336.0,15717243
2012-09-14,2316.0,2374.0,2418.0,2277.0,3627933
2012-09-17,2486.0,2409.0,2579.0,2374.0,8175105
2012-09-18,2630.0,2447.0,2828.0,2412.0,16651983
2012-09-19,2506.0,2652.0,2664.0,2477.0,4825328
2012-09-20,2503.0,2506.0,2567.0,2383.0,2865925
2012-09-21,2410.0,2512.0,2673.0,2318.0,4082967
2012-09-24,2433.0,2468.0,2482.0,2392.0,1276951
2012-09-25,2307.0,2433.0,2456.0,2260.0,2126255
2012-09-26,2319.0,2254.0,2389.0,2230.0,1540410
2012-09-27,2225.0,2345.0,2345.0,2207.0,1770440
2012-09-28,2257.0,2210.0,2298.0,2210.0,764149
2012-10-02,2307.0,2307.0,2362.0,2271.0,620184
2012-10-04,2295.0,2330.0,2336.0,2271.0,1208414
2012-10-05,2357.0,2295.0,2521.0,2257.0,2757122
2012-10-08,2339.0,2394.0,2447.0,2339.0,1313976
2012-10-09,2339.0,2304.0,2515.0,2289.0,3529164
2012-10-10,2401.0,2318.0,2400.0,2254.0,1568341
2012-10-11,2758.0,2430.0,2758.0,2365.0,23328876
2012-10-12,2864.0,2726.0,3136.0,2638.0,23222337
2012-10-15,2503.0,2787.0,2990.0,2436.0,9483785
2012-10-16,2477.0,2550.0,2573.0,2351.0,3963603
2012-10-17,2330.0,2436.0,2538.0,2315.0,4152662
2012-10-18,2204.0,2330.0,2374.0,2142.0,3991895
2012-10-19,2169.0,2227.0,2257.0,2154.0,2660862
2012-10-22,2160.0,2110.0,2183.0,2075.0,1585208
2012-10-23,2251.0,2160.0,2298.0,2160.0,2284861
2012-10-24,2017.0,1914.0,2081.0,1914.0,18009694
2012-10-25,2005.0,2008.0,2057.0,1978.0,4107276
2012-10-26,1970.0,1999.0,2043.0,1920.0,3777744
2012-10-29,1835.0,1958.0,1984.0,1823.0,4199478
2012-10-30,1941.0,1849.0,2008.0,1823.0,3577983
2012-10-31,1999.0,1946.0,2066.0,1937.0,4809811
2012-11-01,2075.0,2002.0,2122.0,1987.0,7137794
2012-11-02,2055.0,2072.0,2116.0,2034.0,2048904
2012-11-05,2075.0,2054.0,2110.0,2037.0,1692830
2012-11-06,2037.0,2078.0,2090.0,2022.0,1861346
2012-11-07,1964.0,2037.0,2052.0,1958.0,2629545
2012-11-08,1958.0,1920.0,2008.0,1881.0,1378662
2012-11-09,2005.0,1955.0,2040.0,1925.0,2546120
2012-11-12,1964.0,1981.0,2037.0,1955.0,1708135
2012-11-13,1876.0,1961.0,1978.0,1861.0,1853985
2012-11-14,1964.0,1884.0,2119.0,1794.0,7222794
2012-11-15,1897.0,1911.0,1934.0,1846.0,2215345
2012-11-16,1850.0,1920.0,1920.0,1832.0,1649229
2012-11-19,1853.0,1852.0,1920.0,1808.0,1351598
2012-11-20,1935.0,1861.0,2052.0,1858.0,4058533
2012-11-21,1990.0,1937.0,2095.0,1937.0,4663010
2012-11-22,1964.0,1975.0,2052.0,1934.0,2875767
2012-11-23,1897.0,1964.0,1993.0,1890.0,1943413
2012-11-26,2014.0,1969.0,2054.0,1905.0,5479081
2012-11-27,1949.0,2049.0,2049.0,1943.0,2536915
2012-11-28,1911.0,1946.0,1999.0,1908.0,1306681
2012-11-29,1900.0,1914.0,1934.0,1896.0,1127748
2012-11-30,1900.0,1925.0,1940.0,1890.0,1100055
2012-12-03,1876.0,1899.0,1928.0,1858.0,1035765
2012-12-04,1873.0,1890.0,1937.0,1832.0,1728282
2012-12-05,1861.0,1852.0,1914.0,1838.0,1311405
2012-12-06,1820.0,1876.0,1890.0,1794.0,1476931
2012-12-07,1832.0,1823.0,1864.0,1794.0,1559152
2012-12-10,1791.0,1835.0,1852.0,1764.0,1341838
2012-12-11,1650.0,1776.0,1794.0,1612.0,2480840
2012-12-12,1618.0,1641.0,1659.0,1600.0,1431750
2012-12-13,1653.0,1600.0,1694.0,1588.0,1179249
2012-12-14,1659.0,1667.0,1667.0,1626.0,583099
2012-12-17,1636.0,1670.0,1679.0,1618.0,768833
2012-12-18,1642.0,1641.0,1676.0,1624.0,1078387
2012-12-20,1568.0,1588.0,1624.0,1562.0,1792853
2012-12-21,1592.0,1559.0,1641.0,1544.0,1274922
2012-12-24,1562.0,1606.0,1612.0,1562.0,803785
2012-12-26,1557.0,1565.0,1624.0,1539.0,2274035
2012-12-27,1621.0,1568.0,1653.0,1556.0,2691938
2012-12-28,1583.0,1638.0,1641.0,1571.0,1454136
2013-01-02,1642.0,1597.0,1656.0,1585.0,861793
2013-01-03,1642.0,1659.0,1700.0,1606.0,1471473
2013-01-04,1715.0,1641.0,1855.0,1621.0,5093010
2013-01-07,1762.0,1747.0,1802.0,1729.0,2015152
2013-01-08,1776.0,1773.0,1811.0,1747.0,1316094
2013-01-09,1732.0,1776.0,1794.0,1723.0,1478318
2013-01-10,1738.0,1744.0,1764.0,1720.0,841263
2013-01-11,1700.0,1744.0,1758.0,1691.0,886082
2013-01-14,1656.0,1723.0,1723.0,1650.0,914839
2013-01-15,1715.0,1656.0,1755.0,1641.0,1650927
2013-01-16,1665.0,1729.0,1738.0,1659.0,1380426
2013-01-17,1686.0,1656.0,1700.0,1632.0,1122161
2013-01-18,1732.0,1688.0,1735.0,1676.0,904739
2013-01-21,1744.0,1773.0,1773.0,1714.0,1073645
2013-01-22,1691.0,1735.0,1753.0,1670.0,1477366
2013-01-23,1706.0,1691.0,1726.0,1685.0,979080
2013-01-24,1656.0,1720.0,1723.0,1650.0,1184551
2013-01-25,1656.0,1656.0,1679.0,1621.0,907119
2013-01-28,1650.0,1694.0,1694.0,1638.0,556093
2013-01-29,1668.0,1650.0,1700.0,1644.0,689383
2013-01-30,1715.0,1670.0,1805.0,1659.0,2292695
2013-01-31,1703.0,1750.0,1750.0,1700.0,1123659
2013-02-01,1662.0,1679.0,1703.0,1656.0,819182
2013-02-04,1618.0,1679.0,1679.0,1609.0,676021
2013-02-05,1586.0,1603.0,1632.0,1562.0,826849
2013-02-06,1583.0,1588.0,1641.0,1550.0,892024
2013-02-07,1595.0,1582.0,1612.0,1580.0,660720
2013-02-08,1627.0,1597.0,1635.0,1571.0,420244
2013-02-12,1601.0,1641.0,1641.0,1556.0,551225
2013-02-13,1592.0,1612.0,1624.0,1582.0,507720
2013-02-14,1612.0,1597.0,1618.0,1582.0,500095
2013-02-15,1674.0,1612.0,1703.0,1600.0,1472035
2013-02-18,1650.0,1685.0,1685.0,1647.0,821076
2013-02-19,1612.0,1653.0,1667.0,1612.0,964956
2013-02-20,1621.0,1612.0,1653.0,1609.0,975787
2013-02-21,1624.0,1621.0,1641.0,1609.0,628044
2013-02-22,1586.0,1621.0,1635.0,1574.0,1163572
2013-02-25,1568.0,1594.0,1612.0,1568.0,854253
2013-02-26,1583.0,1577.0,1591.0,1565.0,855781
2013-02-27,1568.0,1574.0,1594.0,1559.0,932093
2013-02-28,1583.0,1597.0,1597.0,1568.0,709230
2013-03-04,1583.0,1597.0,1641.0,1580.0,858818
2013-03-05,1589.0,1588.0,1615.0,1577.0,713328
2013-03-06,1826.0,1606.0,1826.0,1603.0,17826622
2013-03-07,1891.0,1896.0,1981.0,1852.0,15511434
2013-03-08,1867.0,1937.0,1996.0,1811.0,9255892
2013-03-11,1853.0,1846.0,1876.0,1741.0,6593698
2013-03-12,1993.0,1876.0,2063.0,1861.0,11632099
2013-03-13,1935.0,2016.0,2016.0,1920.0,3789536
2013-03-14,1958.0,1914.0,1964.0,1823.0,3444274
2013-03-15,1847.0,1966.0,1984.0,1846.0,2779955
2013-03-18,2122.0,1999.0,2122.0,1876.0,17841339
2013-03-19,2064.0,2257.0,2277.0,2063.0,18227881
2013-03-20,1964.0,2063.0,2072.0,1934.0,6232442
2013-03-21,1990.0,1964.0,2040.0,1952.0,3213310
2013-03-22,1888.0,2008.0,2052.0,1887.0,5566745
2013-03-25,1926.0,1890.0,2010.0,1867.0,4584986
2013-03-26,1879.0,1925.0,1972.0,1870.0,2941260
2013-03-27,1844.0,1905.0,1905.0,1799.0,3355664
2013-03-28,1905.0,1843.0,1925.0,1840.0,3327428
2013-03-29,1885.0,1905.0,1934.0,1852.0,1428903
2013-04-01,1779.0,1864.0,1876.0,1773.0,2476576
2013-04-02,1762.0,1799.0,1820.0,1720.0,2521955
2013-04-03,1724.0,1744.0,1770.0,1682.0,1684134
2013-04-04,1671.0,1688.0,1714.0,1568.0,2638608
2013-04-05,1624.0,1676.0,1697.0,1588.0,1319956
2013-04-08,1580.0,1635.0,1653.0,1577.0,1333680
2013-04-09,1606.0,1580.0,1670.0,1568.0,2017732
2013-04-10,1639.0,1588.0,1679.0,1580.0,1601426
2013-04-11,1636.0,1638.0,1679.0,1626.0,1468437
2013-04-12,1630.0,1641.0,1656.0,1612.0,989034
2013-04-15,1671.0,1635.0,1682.0,1612.0,1114493
2013-04-16,1700.0,1676.0,1750.0,1673.0,2769136
2013-04-17,1645.0,1726.0,1726.0,1635.0,1314867
2013-04-18,1645.0,1626.0,1697.0,1603.0,1243387
2013-04-19,1606.0,1656.0,1656.0,1597.0,1061875
2013-04-22,1598.0,1609.0,1621.0,1582.0,833972
2013-04-23,1609.0,1588.0,1618.0,1585.0,781681
2013-04-24,1668.0,1612.0,1726.0,1609.0,2519626
2013-04-25,1662.0,1665.0,1697.0,1644.0,754758
2013-04-26,1639.0,1685.0,1685.0,1635.0,739489
2013-04-29,1656.0,1653.0,1673.0,1618.0,710661
2013-04-30,1659.0,1676.0,1706.0,1638.0,879509
2013-05-02,1624.0,1656.0,1656.0,1600.0,1092234
2013-05-03,1636.0,1624.0,1653.0,1606.0,725587
2013-05-06,1697.0,1656.0,1700.0,1626.0,1115005
2013-05-07,1689.0,1706.0,1706.0,1656.0,579375
2013-05-08,1753.0,1694.0,1796.0,1676.0,2556641
2013-05-09,1765.0,1758.0,1788.0,1714.0,1504435
2013-05-10,1762.0,1779.0,1846.0,1744.0,2194411
2013-05-13,1697.0,1776.0,1799.0,1697.0,1089056
2013-05-14,1735.0,1703.0,1750.0,1694.0,853027
2013-05-15,1694.0,1753.0,1753.0,1688.0,804950
2013-05-16,1694.0,1694.0,1723.0,1679.0,564523
2013-05-20,1715.0,1711.0,1744.0,1697.0,672503
2013-05-21,1735.0,1735.0,1811.0,1720.0,1652777
2013-05-22,1759.0,1741.0,1788.0,1735.0,823006
2013-05-23,1724.0,1758.0,1761.0,1714.0,826485
2013-05-24,1768.0,1709.0,1794.0,1709.0,1156811
2013-05-27,1820.0,1767.0,1823.0,1750.0,1601986
2013-05-28,1823.0,1808.0,1876.0,1779.0,1822902
2013-05-29,1844.0,1820.0,1879.0,1796.0,2579507
2013-05-30,1768.0,1861.0,1861.0,1761.0,1697840
2013-05-31,1765.0,1767.0,1796.0,1747.0,1112785
2013-06-03,1656.0,1770.0,1770.0,1500.0,2560613
2013-06-04,1621.0,1656.0,1670.0,1597.0,1247909
2013-06-05,1665.0,1615.0,1720.0,1615.0,1106089
2013-06-07,1662.0,1647.0,1682.0,1615.0,838667
2013-06-10,1653.0,1662.0,1667.0,1609.0,588817
2013-06-11,1612.0,1626.0,1638.0,1580.0,1095672
2013-06-12,1612.0,1635.0,1656.0,1585.0,747718
2013-06-13,1577.0,1597.0,1609.0,1571.0,551083
2013-06-14,1577.0,1580.0,1621.0,1571.0,437618
2013-06-17,1557.0,1600.0,1603.0,1550.0,621063
2013-06-18,1750.0,1679.0,1788.0,1670.0,14316184
2013-06-19,1639.0,1750.0,1788.0,1632.0,4422366
2013-06-20,1603.0,1638.0,1638.0,1556.0,2370000
2013-06-21,1565.0,1562.0,1571.0,1530.0,881709
2013-06-24,1568.0,1562.0,1600.0,1553.0,806920
2013-06-25,1489.0,1533.0,1568.0,1424.0,1642869
2013-06-26,1510.0,1468.0,1547.0,1465.0,601231
2013-06-27,1513.0,1512.0,1533.0,1497.0,1168750
2013-06-28,1504.0,1512.0,1533.0,1495.0,951091
2013-07-01,1489.0,1509.0,1509.0,1477.0,791393
2013-07-02,1480.0,1483.0,1506.0,1480.0,714960
2013-07-03,1428.0,1483.0,1492.0,1412.0,1747045
2013-07-04,1442.0,1427.0,1445.0,1410.0,840172
2013-07-05,1486.0,1448.0,1509.0,1436.0,1171545
2013-07-08,1433.0,1489.0,1509.0,1415.0,744002
2013-07-09,1445.0,1433.0,1453.0,1418.0,411453
2013-07-10,1422.0,1445.0,1474.0,1418.0,810410
2013-07-11,1442.0,1421.0,1445.0,1418.0,629412
2013-07-12,1466.0,1451.0,1495.0,1430.0,563878
2013-07-15,1460.0,1489.0,1489.0,1448.0,535378
2013-07-16,1477.0,1459.0,1480.0,1451.0,581120
2013-07-17,1480.0,1468.0,1486.0,1459.0,434508
2013-07-18,1501.0,1483.0,1547.0,1471.0,1109789
2013-07-19,1495.0,1503.0,1515.0,1483.0,556831
2013-07-22,1521.0,1495.0,1536.0,1486.0,707574
2013-07-23,1533.0,1497.0,1547.0,1497.0,773867
2013-07-24,1516.0,1521.0,1541.0,1515.0,384085
2013-07-25,1513.0,1509.0,1530.0,1477.0,730589
2013-07-26,1524.0,1524.0,1530.0,1492.0,547884
2013-07-29,1521.0,1524.0,1536.0,1506.0,405776
2013-07-30,1545.0,1524.0,1580.0,1489.0,1530459
2013-07-31,1536.0,1544.0,1559.0,1524.0,377493
2013-08-01,1524.0,1539.0,1541.0,1495.0,716850
2013-08-02,1486.0,1524.0,1556.0,1474.0,1552286
2013-08-05,1469.0,1486.0,1492.0,1462.0,908695
2013-08-06,1457.0,1468.0,1471.0,1439.0,481829
2013-08-07,1463.0,1456.0,1468.0,1442.0,227153
2013-08-08,1454.0,1474.0,1474.0,1445.0,361994
2013-08-09,1451.0,1456.0,1459.0,1430.0,523632
2013-08-12,1442.0,1451.0,1462.0,1430.0,343355
2013-08-13,1428.0,1439.0,1448.0,1427.0,631613
2013-08-14,1442.0,1424.0,1451.0,1424.0,245334
2013-08-16,1469.0,1439.0,1471.0,1418.0,468708
2013-08-19,1466.0,1468.0,1492.0,1453.0,395798
2013-08-20,1419.0,1465.0,1477.0,1410.0,518183
2013-08-21,1395.0,1415.0,1430.0,1395.0,726150
2013-08-22,1351.0,1395.0,1398.0,1325.0,625491
2013-08-23,1381.0,1327.0,1392.0,1327.0,137797
2013-08-26,1407.0,1383.0,1407.0,1374.0,192143
2013-08-27,1395.0,1407.0,1412.0,1386.0,190874
2013-08-28,1363.0,1371.0,1398.0,1348.0,316936
2013-08-29,1343.0,1357.0,1374.0,1336.0,460416
2013-08-30,1334.0,1345.0,1363.0,1313.0,356817
2013-09-02,1348.0,1325.0,1348.0,1295.0,509679
2013-09-03,1378.0,1348.0,1412.0,1348.0,381504
2013-09-04,1390.0,1380.0,1401.0,1368.0,421946
2013-09-05,1422.0,1389.0,1433.0,1377.0,408639
2013-09-06,1404.0,1430.0,1430.0,1380.0,313348
2013-09-09,1404.0,1404.0,1445.0,1383.0,213912
2013-09-10,1387.0,1404.0,1421.0,1386.0,212943
2013-09-11,1395.0,1383.0,1401.0,1374.0,136862
2013-09-12,1398.0,1395.0,1407.0,1377.0,185527
2013-09-13,1401.0,1398.0,1407.0,1389.0,138874
2013-09-16,1392.0,1401.0,1436.0,1389.0,355767
2013-09-17,1392.0,1398.0,1407.0,1377.0,152474
2013-09-23,1375.0,1421.0,1421.0,1363.0,201898
2013-09-24,1351.0,1389.0,1389.0,1330.0,237969
2013-09-25,1343.0,1348.0,1351.0,1316.0,375485
2013-09-26,1319.0,1342.0,1357.0,1319.0,290348
2013-09-27,1325.0,1327.0,1342.0,1313.0,208057
2013-09-30,1322.0,1307.0,1333.0,1289.0,330944
2013-10-01,1275.0,1310.0,1316.0,1275.0,303896
2013-10-02,1360.0,1275.0,1424.0,1275.0,910459
2013-10-04,1307.0,1374.0,1374.0,1304.0,311795
2013-10-07,1284.0,1310.0,1348.0,1251.0,388664
2013-10-08,1263.0,1275.0,1316.0,1240.0,430367
2013-10-10,1249.0,1263.0,1269.0,1234.0,205942
2013-10-11,1252.0,1240.0,1269.0,1240.0,247595
2013-10-14,1263.0,1260.0,1275.0,1237.0,159290
2013-10-15,1249.0,1263.0,1263.0,1234.0,88166
2013-10-16,1261.0,1242.0,1260.0,1240.0,117703
2013-10-17,1258.0,1260.0,1275.0,1240.0,101096
2013-10-18,1258.0,1260.0,1275.0,1248.0,202842
2013-10-21,1290.0,1260.0,1310.0,1254.0,245707
2013-10-22,1275.0,1295.0,1304.0,1263.0,175366
2013-10-23,1275.0,1275.0,1295.0,1269.0,221466
2013-10-24,1287.0,1289.0,1319.0,1263.0,197711
2013-10-25,1477.0,1392.0,1477.0,1348.0,2800371
2013-10-28,1518.0,1585.0,1597.0,1495.0,8018254
2013-10-29,1510.0,1539.0,1562.0,1483.0,3160497
2013-10-30,1495.0,1524.0,1565.0,1477.0,2356461
2013-10-31,1431.0,1495.0,1533.0,1430.0,1861905
2013-11-01,1436.0,1430.0,1459.0,1410.0,1006017
2013-11-04,1378.0,1427.0,1453.0,1377.0,854177
2013-11-05,1433.0,1407.0,1445.0,1348.0,913527
2013-11-06,1407.0,1430.0,1442.0,1371.0,587578
2013-11-07,1401.0,1404.0,1421.0,1377.0,344853
2013-11-08,1369.0,1392.0,1401.0,1342.0,576580
2013-11-11,1307.0,1404.0,1404.0,1307.0,506068
2013-11-12,1316.0,1298.0,1336.0,1295.0,234818
2013-11-13,1310.0,1310.0,1330.0,1298.0,161246
2013-11-14,1334.0,1307.0,1363.0,1301.0,413670
2013-11-15,1357.0,1333.0,1380.0,1310.0,319301
2013-11-18,1348.0,1351.0,1371.0,1322.0,330783
2013-11-19,1310.0,1348.0,1348.0,1298.0,307417
2013-11-20,1325.0,1322.0,1327.0,1304.0,96057
2013-11-21,1310.0,1357.0,1357.0,1292.0,230042
2013-11-22,1293.0,1298.0,1316.0,1286.0,235254
2013-11-25,1299.0,1292.0,1313.0,1283.0,124486
2013-11-26,1302.0,1295.0,1310.0,1289.0,140957
2013-11-27,1296.0,1310.0,1310.0,1278.0,132246
2013-11-28,1325.0,1301.0,1333.0,1278.0,218716
2013-11-29,1328.0,1322.0,1377.0,1310.0,273405
2013-12-02,1357.0,1319.0,1357.0,1295.0,233449
2013-12-03,1322.0,1333.0,1333.0,1295.0,241121
2013-12-04,1296.0,1319.0,1322.0,1281.0,293812
2013-12-05,1296.0,1289.0,1301.0,1278.0,222328
2013-12-06,1296.0,1283.0,1319.0,1278.0,149028
2013-12-09,1278.0,1307.0,1307.0,1269.0,156983
2013-12-10,1266.0,1278.0,1283.0,1245.0,246304
2013-12-11,1243.0,1254.0,1278.0,1237.0,187960
2013-12-12,1261.0,1237.0,1260.0,1234.0,190690
2013-12-13,1266.0,1275.0,1304.0,1248.0,136920
2013-12-16,1255.0,1266.0,1281.0,1248.0,109531
2013-12-17,1255.0,1251.0,1266.0,1240.0,75178
2013-12-18,1249.0,1266.0,1272.0,1245.0,110242
2013-12-19,1246.0,1266.0,1266.0,1245.0,127236
2013-12-20,1249.0,1263.0,1272.0,1240.0,100018
2013-12-23,1237.0,1248.0,1266.0,1237.0,137643
2013-12-24,1234.0,1240.0,1251.0,1207.0,234688
2013-12-26,1219.0,1234.0,1242.0,1213.0,148611
2013-12-27,1219.0,1231.0,1257.0,1219.0,169744
2013-12-30,1234.0,1222.0,1251.0,1222.0,202014
2014-01-02,1237.0,1225.0,1251.0,1222.0,193079
2014-01-03,1255.0,1248.0,1269.0,1242.0,201772
2014-01-06,1316.0,1257.0,1442.0,1254.0,797463
2014-01-07,1319.0,1345.0,1348.0,1301.0,335487
2014-01-08,1316.0,1322.0,1345.0,1301.0,164595
2014-01-09,1331.0,1316.0,1339.0,1316.0,160127
2014-01-10,1313.0,1327.0,1342.0,1301.0,97092
2014-01-13,1340.0,1336.0,1342.0,1304.0,160443
2014-01-14,1343.0,1333.0,1368.0,1319.0,140413
2014-01-15,1363.0,1351.0,1363.0,1307.0,173469
2014-01-16,1334.0,1392.0,1392.0,1333.0,158298
2014-01-17,1331.0,1342.0,1342.0,1307.0,248006
2014-01-20,1299.0,1310.0,1342.0,1245.0,386735
2014-01-21,1261.0,1298.0,1301.0,1260.0,320508
2014-01-22,1275.0,1260.0,1275.0,1240.0,93262
2014-01-23,1246.0,1275.0,1281.0,1245.0,197948
2014-01-24,1240.0,1245.0,1260.0,1210.0,247923
2014-01-27,1234.0,1240.0,1251.0,1210.0,227049
2014-01-28,1222.0,1228.0,1251.0,1213.0,142410
2014-01-29,1234.0,1225.0,1251.0,1222.0,127413
2014-02-03,1246.0,1237.0,1260.0,1231.0,260313
2014-02-04,1263.0,1242.0,1286.0,1231.0,288599
2014-02-05,1275.0,1272.0,1295.0,1248.0,114888
2014-02-06,1266.0,1289.0,1292.0,1266.0,141527
2014-02-07,1266.0,1283.0,1283.0,1254.0,95518
2014-02-10,1281.0,1269.0,1292.0,1245.0,165232
2014-02-11,1281.0,1319.0,1319.0,1275.0,228988
2014-02-12,1281.0,1283.0,1289.0,1263.0,91767
2014-02-13,1275.0,1263.0,1289.0,1263.0,95367
2014-02-14,1275.0,1266.0,1281.0,1266.0,22523
2014-02-17,1275.0,1278.0,1289.0,1257.0,62422
2014-02-18,1269.0,1278.0,1278.0,1251.0,38073
2014-02-19,1275.0,1269.0,1278.0,1248.0,124559
2014-02-20,1252.0,1278.0,1278.0,1240.0,98870
2014-02-21,1249.0,1278.0,1278.0,1231.0,182108
2014-02-24,1228.0,1254.0,1254.0,1228.0,194207
2014-02-25,1243.0,1228.0,1245.0,1228.0,146815
2014-02-26,1249.0,1248.0,1266.0,1240.0,164678
2014-02-27,1249.0,1248.0,1269.0,1234.0,86909
2014-02-28,1261.0,1251.0,1260.0,1237.0,85127
2014-03-03,1243.0,1254.0,1260.0,1234.0,93678
2014-03-04,1237.0,1245.0,1248.0,1237.0,79099
2014-03-05,1225.0,1240.0,1254.0,1222.0,117290
2014-03-06,1246.0,1234.0,1245.0,1222.0,158261
2014-03-07,1231.0,1245.0,1248.0,1222.0,267061
2014-03-10,1234.0,1251.0,1251.0,1222.0,92314
2014-03-11,1225.0,1237.0,1242.0,1219.0,83160
2014-03-12,1211.0,1216.0,1231.0,1190.0,328795
2014-03-13,1170.0,1201.0,1213.0,1152.0,457414
2014-03-14,1158.0,1134.0,1175.0,1125.0,214429
2014-03-17,1085.0,1157.0,1157.0,984.0,764276
2014-03-18,1093.0,1084.0,1102.0,1058.0,171068
2014-03-19,1111.0,1096.0,1116.0,1090.0,107924
2014-03-20,1140.0,1108.0,1231.0,1090.0,496770
2014-03-21,1173.0,1140.0,1184.0,1099.0,254892
2014-03-24,1137.0,1169.0,1193.0,1128.0,183066
2014-03-25,1146.0,1143.0,1160.0,1125.0,63806
2014-03-26,1134.0,1146.0,1146.0,1111.0,114949
2014-03-27,1126.0,1137.0,1137.0,1026.0,116193
2014-03-28,1129.0,1122.0,1137.0,1119.0,126869
2014-03-31,1108.0,1131.0,1149.0,1084.0,121089
2014-04-01,1108.0,1096.0,1116.0,1078.0,85582
2014-04-02,1108.0,1111.0,1111.0,1090.0,113068
2014-04-03,1126.0,1111.0,1163.0,1096.0,237371
2014-04-04,1137.0,1128.0,1143.0,1119.0,74734
2014-04-07,1120.0,1137.0,1137.0,1113.0,75784
2014-04-08,1117.0,1122.0,1137.0,1105.0,61563
2014-04-09,1137.0,1116.0,1143.0,1113.0,177695
2014-04-10,1137.0,1140.0,1143.0,1125.0,76747
2014-04-11,1132.0,1137.0,1137.0,1111.0,61881
2014-04-14,1132.0,1128.0,1134.0,1113.0,50386
2014-04-15,1143.0,1131.0,1143.0,1102.0,209617
2014-04-16,1132.0,1143.0,1160.0,1131.0,80195
2014-04-17,1123.0,1143.0,1143.0,1111.0,177578
2014-04-18,1129.0,1122.0,1128.0,1087.0,94861
2014-04-21,1105.0,1137.0,1137.0,1105.0,30630
2014-04-22,1111.0,1111.0,1134.0,1087.0,83557
2014-04-23,1085.0,1113.0,1128.0,1084.0,174596
2014-04-24,1099.0,1093.0,1119.0,1084.0,123065
2014-04-25,1102.0,1105.0,1134.0,1096.0,126416
2014-04-28,1123.0,1108.0,1131.0,1096.0,71525
2014-04-29,1149.0,1125.0,1210.0,1122.0,332331
2014-04-30,1164.0,1149.0,1201.0,1131.0,288997
2014-05-02,1152.0,1157.0,1193.0,1152.0,95385
2014-05-07,1143.0,1166.0,1175.0,1128.0,55873
2014-05-08,1132.0,1146.0,1172.0,1131.0,53808
2014-05-09,1137.0,1152.0,1152.0,1125.0,34998
2014-05-12,1129.0,1140.0,1143.0,1113.0,32770
2014-05-13,1120.0,1128.0,1137.0,1075.0,667245
2014-05-14,1114.0,1108.0,1128.0,1102.0,91056
2014-05-15,1114.0,1113.0,1128.0,1108.0,34076
2014-05-16,1126.0,1128.0,1134.0,1096.0,150600
2014-05-19,1099.0,1105.0,1128.0,1084.0,313897
2014-05-20,1082.0,1102.0,1102.0,1078.0,224166
2014-05-21,1076.0,1093.0,1093.0,1067.0,96926
2014-05-22,1085.0,1067.0,1087.0,1064.0,116859
2014-05-23,1082.0,1084.0,1105.0,1075.0,99124
2014-05-26,1082.0,1084.0,1087.0,1067.0,188699
2014-05-27,1076.0,1081.0,1084.0,1058.0,134136
2014-05-28,1073.0,1078.0,1084.0,1064.0,228521
2014-05-29,1117.0,1075.0,1137.0,1064.0,230761
2014-05-30,1120.0,1116.0,1125.0,1093.0,123381
2014-06-02,1085.0,1122.0,1122.0,1075.0,253126
2014-06-03,1099.0,1078.0,1113.0,1075.0,73589
2014-06-05,1096.0,1108.0,1108.0,1069.0,66692
2014-06-09,1076.0,1093.0,1093.0,1069.0,106227
2014-06-10,1099.0,1072.0,1102.0,1064.0,80740
2014-06-11,1114.0,1096.0,1119.0,1096.0,113045
2014-06-12,1114.0,1113.0,1119.0,1105.0,120761
2014-06-13,1111.0,1113.0,1116.0,1099.0,203366
2014-06-16,1173.0,1111.0,1213.0,1111.0,868843
2014-06-17,1184.0,1175.0,1207.0,1160.0,532438
2014-06-18,1184.0,1184.0,1196.0,1163.0,348757
2014-06-19,1170.0,1175.0,1196.0,1169.0,248282
2014-06-20,1181.0,1172.0,1184.0,1160.0,244340
2014-06-23,1187.0,1184.0,1234.0,1178.0,475482
2014-06-24,1167.0,1198.0,1198.0,1154.0,278589
2014-06-25,1137.0,1169.0,1169.0,1137.0,268134
2014-06-26,1134.0,1131.0,1172.0,1131.0,320801
2014-06-27,1137.0,1137.0,1157.0,1137.0,87166
2014-06-30,1143.0,1166.0,1166.0,1128.0,88427
2014-07-01,1161.0,1146.0,1160.0,1143.0,164937
2014-07-02,1190.0,1160.0,1201.0,1152.0,358799
2014-07-03,1214.0,1193.0,1260.0,1190.0,564691
2014-07-04,1187.0,1187.0,1225.0,1172.0,226243
2014-07-07,1196.0,1187.0,1213.0,1175.0,164202
2014-07-08,1176.0,1204.0,1210.0,1163.0,335065
2014-07-09,1167.0,1157.0,1190.0,1157.0,217553
2014-07-10,1176.0,1193.0,1196.0,1160.0,118672
2014-07-11,1152.0,1160.0,1193.0,1146.0,169490
2014-07-14,1149.0,1157.0,1157.0,1134.0,93283
2014-07-15,1143.0,1140.0,1166.0,1131.0,196704
2014-07-16,1108.0,1143.0,1146.0,1108.0,281875
2014-07-17,1108.0,1113.0,1119.0,1090.0,179761
2014-07-18,1114.0,1105.0,1116.0,1084.0,234211
2014-07-21,1117.0,1113.0,1128.0,1093.0,215684
2014-07-22,1114.0,1137.0,1137.0,1105.0,118521
2014-07-23,1120.0,1111.0,1131.0,1111.0,126103
2014-07-24,1117.0,1116.0,1122.0,1111.0,81666
2014-07-25,1111.0,1119.0,1122.0,1108.0,99364
2014-07-28,1123.0,1111.0,1146.0,1108.0,143559
2014-07-29,1123.0,1125.0,1143.0,1105.0,167918
2014-07-30,1123.0,1119.0,1140.0,1111.0,151443
2014-07-31,1099.0,1113.0,1125.0,1099.0,269752
2014-08-01,1108.0,1099.0,1128.0,1087.0,180147
2014-08-04,1123.0,1116.0,1128.0,1096.0,150896
2014-08-05,1170.0,1119.0,1187.0,1119.0,649270
2014-08-06,1173.0,1152.0,1175.0,1143.0,120592
2014-08-07,1187.0,1184.0,1187.0,1143.0,149396
2014-08-08,1173.0,1172.0,1201.0,1152.0,60022
2014-08-11,1176.0,1175.0,1184.0,1131.0,129791
2014-08-12,1155.0,1140.0,1169.0,1131.0,72039
2014-08-13,1137.0,1152.0,1157.0,1131.0,47499
2014-08-14,1114.0,1140.0,1154.0,1105.0,314800
2014-08-18,1114.0,1119.0,1140.0,1102.0,81260
2014-08-19,1111.0,1116.0,1122.0,1084.0,198224
2014-08-20,1105.0,1113.0,1125.0,1102.0,111031
2014-08-21,1096.0,1105.0,1113.0,1093.0,137831
2014-08-22,1096.0,1099.0,1122.0,1093.0,88798
2014-08-25,1079.0,1090.0,1099.0,1075.0,200740
2014-08-26,1085.0,1081.0,1113.0,1072.0,122632
2014-08-27,1114.0,1087.0,1116.0,1081.0,203123
2014-08-28,1090.0,1111.0,1113.0,1081.0,140379
2014-08-29,1067.0,1087.0,1105.0,1064.0,263147
2014-09-01,997.0,955.0,1049.0,940.0,906985
2014-09-02,1011.0,1017.0,1037.0,996.0,157188
2014-09-03,1017.0,1031.0,1031.0,1005.0,182723
2014-09-04,1011.0,1014.0,1028.0,1005.0,205080
2014-09-05,1096.0,1017.0,1116.0,1017.0,386138
2014-09-11,1085.0,1096.0,1113.0,1084.0,181199
2014-09-12,1085.0,1087.0,1093.0,1069.0,69443
2014-09-15,1044.0,1087.0,1087.0,1037.0,133269
2014-09-16,1064.0,1061.0,1075.0,1037.0,39847
2014-09-17,1038.0,1078.0,1078.0,1023.0,113263
2014-09-18,1038.0,1043.0,1052.0,1008.0,146794
2014-09-19,1067.0,1037.0,1096.0,1023.0,130361
2014-09-22,1052.0,1069.0,1075.0,1023.0,96004
2014-09-23,1029.0,1055.0,1064.0,1023.0,240496
2014-09-24,1014.0,1028.0,1049.0,1014.0,220985
2014-09-25,1032.0,1017.0,1055.0,1017.0,221532
2014-09-26,1023.0,1049.0,1049.0,1020.0,114528
2014-09-29,1026.0,1017.0,1037.0,1008.0,187280
2014-09-30,1020.0,1028.0,1031.0,1005.0,97393
2014-10-01,1023.0,1020.0,1026.0,1008.0,78126
2014-10-02,1020.0,1023.0,1023.0,1008.0,58221
2014-10-06,997.0,1023.0,1026.0,990.0,181232
2014-10-07,994.0,987.0,1011.0,987.0,97011
2014-10-08,1005.0,993.0,1008.0,990.0,73786
2014-10-10,997.0,1011.0,1017.0,984.0,121552
2014-10-13,997.0,999.0,999.0,949.0,269145
2014-10-14,979.0,996.0,1008.0,970.0,236301
2014-10-15,994.0,984.0,993.0,970.0,128623
2014-10-16,973.0,996.0,996.0,961.0,59072
2014-10-17,994.0,976.0,1005.0,973.0,130250
2014-10-20,997.0,990.0,1011.0,982.0,107972
2014-10-21,1017.0,1002.0,1040.0,993.0,318847
2014-10-22,1008.0,1023.0,1052.0,1002.0,395559
2014-10-23,1102.0,1008.0,1143.0,1005.0,1488226
2014-10-24,1266.0,1128.0,1266.0,1113.0,4495101
2014-10-27,1454.0,1453.0,1453.0,1453.0,293587
2014-10-28,1671.0,1670.0,1670.0,1670.0,2501442
2014-10-29,1829.0,1811.0,1893.0,1735.0,28817390
2014-10-30,1730.0,1817.0,1896.0,1694.0,12209238
2014-10-31,1501.0,1641.0,1694.0,1471.0,12510803
2014-11-03,1724.0,1506.0,1723.0,1427.0,11591737
2014-11-04,1674.0,1747.0,1773.0,1600.0,21855600
2014-11-05,1428.0,1612.0,1635.0,1424.0,10355778
2014-11-06,1451.0,1407.0,1536.0,1363.0,7715736
2014-11-07,1548.0,1451.0,1667.0,1427.0,18972921
2014-11-10,1577.0,1553.0,1706.0,1518.0,10263105
2014-11-11,1554.0,1556.0,1591.0,1489.0,3680633
2014-11-12,1609.0,1591.0,1750.0,1541.0,11438394
2014-11-13,1560.0,1720.0,1720.0,1500.0,5569968
2014-11-14,1510.0,1580.0,1612.0,1503.0,2088976
2014-11-17,1518.0,1509.0,1536.0,1445.0,2012833
2014-11-18,1542.0,1527.0,1656.0,1512.0,6426306
2014-11-19,1513.0,1565.0,1565.0,1500.0,1851722
2014-11-20,1489.0,1515.0,1612.0,1465.0,3883050
2014-11-21,1574.0,1521.0,1626.0,1497.0,6080058
2014-11-24,1521.0,1591.0,1609.0,1509.0,1836892
2014-11-25,1518.0,1524.0,1550.0,1495.0,779916
2014-11-26,1521.0,1518.0,1536.0,1503.0,781631
2014-11-27,1498.0,1518.0,1550.0,1480.0,1041589
2014-11-28,1489.0,1503.0,1509.0,1477.0,911943
2014-12-01,1422.0,1474.0,1492.0,1407.0,1294166
2014-12-02,1340.0,1407.0,1448.0,1319.0,1045453
2014-12-03,1354.0,1339.0,1421.0,1339.0,1617104
2014-12-04,1363.0,1354.0,1386.0,1348.0,443421
2014-12-05,1369.0,1374.0,1404.0,1307.0,513793
2014-12-08,1319.0,1345.0,1377.0,1319.0,694971
2014-12-09,1313.0,1354.0,1357.0,1310.0,510740
2014-12-10,1375.0,1342.0,1448.0,1292.0,3942824
2014-12-11,1261.0,1392.0,1392.0,1260.0,1270066
2014-12-12,1255.0,1231.0,1275.0,1193.0,1502307
2014-12-15,1261.0,1231.0,1292.0,1207.0,404298
2014-12-16,1281.0,1260.0,1348.0,1245.0,1357400
2014-12-17,1304.0,1272.0,1363.0,1272.0,785095
2014-12-18,1261.0,1310.0,1330.0,1231.0,701672
2014-12-19,1275.0,1278.0,1286.0,1231.0,312460
2014-12-22,1269.0,1278.0,1286.0,1231.0,293663
2014-12-23,1275.0,1245.0,1310.0,1231.0,711095
2014-12-24,1269.0,1278.0,1295.0,1248.0,366601
2014-12-26,1304.0,1260.0,1333.0,1260.0,356107
2014-12-29,1407.0,1304.0,1483.0,1304.0,3730614
2014-12-30,1381.0,1386.0,1433.0,1348.0,1458234
2015-01-02,1448.0,1433.0,1506.0,1401.0,2262915
2015-01-05,1460.0,1448.0,1483.0,1433.0,703713
2015-01-06,1410.0,1459.0,1474.0,1392.0,505059
2015-01-07,1378.0,1380.0,1421.0,1336.0,804975
2015-01-08,1369.0,1407.0,1407.0,1339.0,316297
2015-01-09,1457.0,1360.0,1471.0,1360.0,1488061
2015-01-12,1674.0,1468.0,1673.0,1439.0,11791610
2015-01-13,1524.0,1673.0,1685.0,1524.0,7788399
2015-01-14,1753.0,1495.0,1753.0,1495.0,10197747
2015-01-15,1715.0,1949.0,1949.0,1703.0,33535795
2015-01-16,1703.0,1670.0,1738.0,1606.0,7683984
2015-01-19,1958.0,1741.0,1958.0,1662.0,5603079
2015-01-20,2251.0,2251.0,2251.0,2251.0,721323
2015-01-21,2588.0,2588.0,2588.0,2500.0,12011621
2015-01-22,2715.0,2638.0,2975.0,2462.0,88375499
2015-01-23,2609.0,2784.0,3019.0,2597.0,53420998
2015-01-26,2990.0,2652.0,2990.0,2556.0,39026276
2015-01-27,3430.0,3151.0,3429.0,2931.0,48837114
2015-01-28,3430.0,0.0,0.0,0.0,0
2015-01-29,3239.0,3781.0,3781.0,3107.0,11059075
2015-01-30,3063.0,3312.0,3312.0,2925.0,8329539
2015-02-02,3019.0,3136.0,3136.0,2843.0,7667457
2015-02-03,2685.0,2896.0,2960.0,2638.0,17167303
2015-02-04,3005.0,2723.0,3063.0,2652.0,34116176
2015-02-05,2726.0,2931.0,2975.0,2711.0,25685518
2015-02-06,2929.0,2767.0,3121.0,2658.0,36570749
2015-02-09,2644.0,2828.0,2893.0,2588.0,15000856
2015-02-10,2462.0,2638.0,2638.0,2392.0,9215129
2015-02-11,2521.0,2491.0,2664.0,2462.0,11380798
2015-02-12,2336.0,2477.0,2482.0,2336.0,4929657
2015-02-13,2442.0,2362.0,2600.0,2339.0,13086710
2015-02-16,2486.0,2418.0,2559.0,2345.0,7730574
2015-02-17,2858.0,2424.0,2858.0,2424.0,32146783
2015-02-23,2632.0,2784.0,2805.0,2588.0,17044970
2015-02-24,2486.0,2582.0,2661.0,2450.0,7483221
2015-02-25,2553.0,2500.0,2717.0,2447.0,14189433
2015-02-26,2556.0,2553.0,2573.0,2477.0,3771976
2015-02-27,2501.0,2606.0,2670.0,2500.0,7643393
2015-03-02,2483.0,2494.0,2550.0,2433.0,3322783
2015-03-03,2377.0,2433.0,2462.0,2348.0,5145822
2015-03-04,2389.0,2400.0,2544.0,2377.0,8362434
2015-03-05,2389.0,2389.0,2471.0,2389.0,2484773
2015-03-06,2377.0,2418.0,2418.0,2374.0,2561529
2015-03-09,2404.0,2403.0,2503.0,2386.0,4923154
2015-03-10,2380.0,2406.0,2462.0,2368.0,2938485
2015-03-11,2342.0,2397.0,2424.0,2315.0,2940430
2015-03-12,2237.0,2324.0,2324.0,2204.0,3552563
2015-03-13,2263.0,2268.0,2286.0,2233.0,1296531
2015-03-16,2328.0,2277.0,2386.0,2207.0,4805721
2015-03-17,2313.0,2321.0,2345.0,2277.0,1778624
2015-03-18,2257.0,2315.0,2330.0,2227.0,1661016
2015-03-19,2207.0,2301.0,2301.0,2195.0,1998105
2015-03-20,2272.0,2233.0,2327.0,2207.0,2782354
2015-03-23,2357.0,2271.0,2538.0,2251.0,11833839
2015-03-24,2374.0,2406.0,2424.0,2353.0,2588283
2015-03-25,2360.0,2409.0,2427.0,2359.0,2725032
2015-03-26,2360.0,2368.0,2433.0,2348.0,2952480
2015-03-27,2386.0,2392.0,2430.0,2339.0,3156425
2015-03-30,2395.0,2403.0,2430.0,2374.0,2141910
2015-03-31,2459.0,2394.0,2518.0,2362.0,5842246
2015-04-01,2521.0,2485.0,2667.0,2474.0,11982480
2015-04-02,2451.0,2521.0,2579.0,2400.0,6110661
2015-04-03,2556.0,2456.0,2603.0,2438.0,6089177
2015-04-06,2530.0,2594.0,2600.0,2477.0,2844769
2015-04-07,2559.0,2523.0,2579.0,2491.0,4484704
2015-04-08,2509.0,2567.0,2567.0,2477.0,2720097
2015-04-09,2495.0,2491.0,2559.0,2480.0,2598088
2015-04-10,2553.0,2497.0,2650.0,2474.0,6503327
2015-04-13,2805.0,2579.0,2864.0,2567.0,15444848
2015-04-14,2671.0,2808.0,2837.0,2550.0,7019767
2015-04-15,2685.0,2682.0,2767.0,2600.0,5688018
2015-04-16,2990.0,2685.0,3078.0,2658.0,29880921
2015-04-17,2550.0,2831.0,2990.0,2550.0,24479754
2015-04-20,2345.0,2383.0,2462.0,2295.0,11935886
2015-04-21,2330.0,2365.0,2392.0,2304.0,5295476
2015-04-22,2117.0,2312.0,2327.0,1987.0,11858075
2015-04-23,2055.0,2145.0,2189.0,1996.0,4215912
2015-04-24,2102.0,2110.0,2154.0,2034.0,3232928
2015-04-27,2169.0,2101.0,2175.0,2066.0,2937864
2015-04-28,2160.0,2169.0,2245.0,2134.0,2523945
2015-04-29,2196.0,2142.0,2224.0,2110.0,1912125
2015-04-30,2034.0,2195.0,2198.0,2002.0,3629270
2015-05-04,1908.0,2031.0,2031.0,1799.0,4527825
2015-05-06,1979.0,1934.0,2078.0,1911.0,3748618
2015-05-07,1961.0,2002.0,2002.0,1879.0,1178514
2015-05-08,2067.0,1961.0,2107.0,1911.0,2354367
2015-05-11,2117.0,2087.0,2134.0,2063.0,1217144
2015-05-12,2319.0,2163.0,2424.0,2128.0,9579487
2015-05-13,2210.0,2345.0,2365.0,2172.0,3296349
2015-05-14,2049.0,2022.0,2095.0,1964.0,5418359
2015-05-15,2081.0,2025.0,2157.0,2025.0,2945140
2015-05-18,1964.0,2122.0,2137.0,1934.0,3628653
2015-05-19,1985.0,1908.0,2113.0,1908.0,3958626
2015-05-20,2052.0,2280.0,2280.0,1964.0,25167394
2015-05-21,1985.0,2022.0,2060.0,1978.0,2455303
2015-05-22,1867.0,1984.0,1990.0,1864.0,3954457
2015-05-26,1923.0,1887.0,1925.0,1840.0,2355203
2015-05-27,1935.0,1908.0,1934.0,1820.0,2629211
2015-05-28,1876.0,1925.0,1975.0,1870.0,1839879
2015-05-29,1900.0,1896.0,1899.0,1838.0,1330458
2015-06-01,1838.0,1925.0,1925.0,1805.0,2049820
2015-06-02,1744.0,1802.0,1832.0,1735.0,2338211
2015-06-03,1774.0,1732.0,1814.0,1638.0,2553919
2015-06-04,1732.0,1776.0,1776.0,1706.0,1069799
2015-06-05,1768.0,1688.0,1852.0,1688.0,2526689
2015-06-08,1753.0,1758.0,1808.0,1709.0,1361128
2015-06-09,1812.0,1758.0,1887.0,1744.0,2016190
2015-06-10,1820.0,1802.0,1840.0,1785.0,988735
2015-06-11,1762.0,1849.0,1849.0,1753.0,850218
2015-06-12,1794.0,1761.0,1817.0,1753.0,875076
2015-06-15,1738.0,1764.0,1788.0,1723.0,1151986
2015-06-16,1697.0,1714.0,1750.0,1676.0,733548
2015-06-17,1744.0,1703.0,1911.0,1676.0,3516463
2015-06-18,1779.0,1744.0,1814.0,1741.0,1177925
2015-06-19,1759.0,1814.0,1814.0,1741.0,767977
2015-06-22,1812.0,1758.0,1890.0,1747.0,5072896
2015-06-23,1812.0,1826.0,1852.0,1791.0,1236087
2015-06-24,1788.0,1799.0,1829.0,1782.0,1185528
2015-06-25,1774.0,1802.0,1843.0,1770.0,1885975
2015-06-26,1803.0,1794.0,1840.0,1764.0,1645371
2015-06-29,1697.0,1788.0,1802.0,1670.0,2128514
2015-06-30,1689.0,1700.0,1706.0,1641.0,869513
2015-07-01,1730.0,1700.0,1753.0,1673.0,894702
2015-07-02,1753.0,1738.0,1770.0,1729.0,929067
2015-07-03,1703.0,1750.0,1758.0,1685.0,1118849
2015-07-06,1671.0,1685.0,1720.0,1662.0,869069
2015-07-07,1686.0,1665.0,1717.0,1656.0,975208
2015-07-08,1709.0,1697.0,1720.0,1676.0,1069060
2015-07-09,1689.0,1665.0,1706.0,1647.0,906314
2015-07-10,1686.0,1676.0,1729.0,1676.0,631219
2015-07-13,1404.0,1245.0,1462.0,1240.0,9600620
2015-07-14,1472.0,1421.0,1506.0,1368.0,2965870
2015-07-15,1527.0,1480.0,1536.0,1471.0,1843950
2015-07-16,1524.0,1527.0,1547.0,1497.0,1103852
2015-07-17,1741.0,1530.0,1870.0,1509.0,12319223
2015-07-20,1653.0,1706.0,1758.0,1626.0,3051701
2015-07-21,1735.0,1659.0,1776.0,1653.0,2042620
2015-07-22,1785.0,1758.0,2043.0,1703.0,14017802
2015-07-23,1800.0,1817.0,1858.0,1758.0,2890212
2015-07-24,1747.0,1799.0,1799.0,1720.0,1230839
2015-07-27,1677.0,1758.0,1776.0,1644.0,1461726
2015-07-28,1721.0,1618.0,1723.0,1612.0,1324171
2015-07-29,1727.0,1691.0,1843.0,1691.0,1904240
2015-07-30,1730.0,1732.0,1791.0,1679.0,910832
2015-07-31,1697.0,1758.0,1823.0,1682.0,2658799
2015-08-03,1697.0,1706.0,1741.0,1679.0,933056
2015-08-04,1744.0,1697.0,1773.0,1685.0,1081345
2015-08-05,1721.0,1753.0,1773.0,1714.0,1131557
2015-08-06,1689.0,1723.0,1741.0,1665.0,1114665
2015-08-07,1686.0,1650.0,1714.0,1650.0,825218
2015-08-10,1759.0,1832.0,2037.0,1744.0,15630274
2015-08-11,1744.0,1753.0,1773.0,1726.0,1878784
2015-08-12,1741.0,1744.0,1744.0,1688.0,1365008
2015-08-13,1815.0,1741.0,1823.0,1714.0,2232711
2015-08-17,1668.0,1729.0,1729.0,1618.0,3967925
2015-08-18,1606.0,1694.0,1700.0,1603.0,1283670
2015-08-19,1516.0,1612.0,1612.0,1495.0,878381
2015-08-20,1495.0,1453.0,1533.0,1453.0,397231
2015-08-21,1407.0,1483.0,1483.0,1377.0,1412646
2015-08-24,1407.0,1319.0,1474.0,1319.0,527760
2015-08-25,1504.0,1424.0,1518.0,1421.0,784099
2015-08-26,1513.0,1503.0,1530.0,1465.0,589106
2015-08-27,1551.0,1524.0,1656.0,1515.0,1087432
2015-08-28,1554.0,1550.0,1597.0,1539.0,499356
2015-08-31,1612.0,1626.0,1758.0,1603.0,3095624
2015-09-01,1598.0,1641.0,1670.0,1571.0,785768
2015-09-02,1615.0,1559.0,1618.0,1559.0,699101
2015-09-03,1583.0,1621.0,1656.0,1580.0,669727
2015-09-04,1516.0,1588.0,1597.0,1506.0,574257
2015-09-07,1533.0,1512.0,1544.0,1453.0,615024
2015-09-08,1507.0,1527.0,1553.0,1492.0,374306
2015-09-09,1560.0,1536.0,1565.0,1506.0,459489
2015-09-10,1562.0,1541.0,1562.0,1533.0,326695
2015-09-11,1574.0,1612.0,1676.0,1562.0,1191020
2015-09-14,1624.0,1612.0,1714.0,1571.0,2719868
2015-09-15,1627.0,1624.0,1638.0,1580.0,913515
2015-09-16,1730.0,1656.0,1835.0,1653.0,11326777
2015-09-17,1715.0,1811.0,1832.0,1700.0,4160997
2015-09-18,1700.0,1753.0,1764.0,1656.0,2115744
2015-09-21,1768.0,1647.0,1776.0,1644.0,2869237
2015-09-22,1776.0,1788.0,1855.0,1726.0,2426678
2015-09-23,1741.0,1796.0,1802.0,1738.0,1229254
2015-09-24,1993.0,1741.0,2125.0,1729.0,20880025
2015-09-25,1999.0,2242.0,2257.0,1969.0,13639741
2015-09-30,2149.0,2242.0,2386.0,2098.0,21869507
2015-10-01,2468.0,2104.0,2696.0,2054.0,53355675
2015-10-02,2685.0,2565.0,2814.0,2503.0,44780555
2015-10-05,2685.0,0.0,0.0,0.0,0
2015-10-06,2386.0,2567.0,2567.0,2351.0,5866886
2015-10-07,2392.0,2386.0,2441.0,2345.0,2599253
2015-10-08,2565.0,2403.0,2565.0,2380.0,2650358
2015-10-12,2459.0,2550.0,2606.0,2438.0,5545731
2015-10-13,2325.0,2459.0,2515.0,2227.0,6806999
2015-10-14,2237.0,2301.0,2339.0,2213.0,5336363
2015-10-15,2281.0,2236.0,2309.0,2207.0,5175107
2015-10-16,2295.0,2257.0,2339.0,2236.0,3903249
2015-10-19,2240.0,2309.0,2309.0,2213.0,2988704
2015-10-20,2245.0,2216.0,2304.0,2216.0,4181735
2015-10-21,2260.0,2245.0,2268.0,2227.0,2405288
2015-10-22,2119.0,2260.0,2280.0,2104.0,3437998
2015-10-23,2175.0,2122.0,2204.0,2090.0,4473512
2015-10-26,2149.0,2169.0,2222.0,2110.0,2102009
2015-10-27,2108.0,2128.0,2148.0,2093.0,2354373
2015-10-28,2058.0,2119.0,2131.0,2049.0,1760759
2015-10-29,2087.0,2040.0,2093.0,2034.0,1613628
2015-10-30,2034.0,2066.0,2087.0,1996.0,1620583
2015-11-02,2020.0,2022.0,2052.0,1993.0,1245044
2015-11-03,2093.0,2016.0,2224.0,1996.0,6350948
2015-11-04,2193.0,2107.0,2204.0,2066.0,4617222
2015-11-05,2108.0,2230.0,2242.0,2107.0,4586143
2015-11-06,2061.0,2084.0,2101.0,2043.0,1755528
2015-11-09,1976.0,2075.0,2075.0,1961.0,1441956
2015-11-10,2073.0,1940.0,2104.0,1931.0,2558524
2015-11-11,2084.0,2081.0,2084.0,2013.0,1197065
2015-11-12,2061.0,2095.0,2095.0,2037.0,890983
2015-11-13,2676.0,2219.0,2676.0,2216.0,37430564
2015-11-16,3474.0,3180.0,3473.0,3063.0,88117357
2015-11-17,3576.0,3634.0,4104.0,3253.0,128054086
2015-11-18,4089.0,3503.0,4646.0,3312.0,208392956
2015-11-19,4251.0,4177.0,4763.0,4104.0,88877687
2015-11-20,3972.0,4353.0,4529.0,3972.0,69372619
2015-11-23,3679.0,3810.0,4001.0,3547.0,30004730
2015-11-24,4368.0,4382.0,4485.0,4074.0,70625959
2015-11-25,4016.0,4133.0,4397.0,3898.0,31087882
2015-11-26,4119.0,4104.0,4338.0,3869.0,31931325
2015-11-27,4251.0,4089.0,4397.0,4016.0,31589134
2015-11-30,3987.0,4104.0,4250.0,3898.0,20752627
2015-12-01,4031.0,4016.0,4177.0,3913.0,10915987
2015-12-02,3826.0,3972.0,4060.0,3722.0,9293903
2015-12-03,3972.0,3766.0,4177.0,3737.0,22853058
2015-12-04,4192.0,3854.0,4191.0,3810.0,18522784
2015-12-07,4368.0,4177.0,4646.0,4104.0,35232158
2015-12-08,4690.0,4426.0,4690.0,4147.0,32249437
2015-12-09,6097.0,4807.0,6097.0,4631.0,110090186
2015-12-10,5907.0,6126.0,7372.0,5599.0,167343567
2015-12-11,6449.0,6156.0,6595.0,5877.0,56337951
2015-12-14,6244.0,6200.0,6610.0,5980.0,28421738
2015-12-15,5555.0,6185.0,6463.0,5525.0,28580309
2015-12-16,5672.0,5452.0,5730.0,5247.0,30257748
2015-12-17,5614.0,5672.0,5804.0,5481.0,20089581
2015-12-18,5628.0,5555.0,5716.0,5335.0,15251409
2015-12-21,5863.0,5569.0,6112.0,5467.0,20506922
2015-12-22,5746.0,5467.0,5760.0,5364.0,18062762
2015-12-23,6127.0,5936.0,6669.0,5877.0,52356501
2015-12-24,6112.0,5980.0,6273.0,5862.0,13760852
2015-12-28,6478.0,6287.0,6493.0,6112.0,25708521
2015-12-29,6347.0,6331.0,6405.0,6082.0,12392891
2015-12-30,6303.0,6654.0,6756.0,6229.0,13277266
2016-01-04,6566.0,6419.0,6595.0,6243.0,14422279
2016-01-05,6596.0,6537.0,6625.0,6390.0,12007380
2016-01-06,6068.0,6581.0,6595.0,5745.0,14463798
2016-01-07,5599.0,5892.0,5980.0,5555.0,10546950
2016-01-08,5599.0,5335.0,5672.0,5144.0,12636140
2016-01-11,5247.0,5511.0,5569.0,5217.0,4671304
2016-01-12,5086.0,5217.0,5408.0,5042.0,4753737
2016-01-13,5452.0,5276.0,5789.0,5276.0,24114357
2016-01-14,5628.0,5335.0,5716.0,5291.0,7785581
2016-01-15,5555.0,5716.0,5730.0,5437.0,3478853
2016-01-18,5423.0,5379.0,5525.0,5291.0,2964042
2016-01-19,5482.0,5481.0,5540.0,5159.0,5692927
2016-01-20,5643.0,5584.0,5716.0,5261.0,7401444
2016-01-21,5511.0,5599.0,5716.0,5467.0,5779122
2016-01-22,5321.0,5584.0,5584.0,5217.0,4484814
2016-01-25,5423.0,5437.0,5481.0,5291.0,4283390
2016-01-26,5042.0,5320.0,5349.0,5012.0,5184585
2016-01-27,4910.0,4939.0,4983.0,4660.0,9760778
2016-01-28,4954.0,4895.0,5027.0,4778.0,4723547
2016-01-29,4764.0,4924.0,4998.0,4704.0,3496844
2016-02-01,4544.0,4807.0,4866.0,4455.0,4720052
2016-02-02,4617.0,4587.0,4719.0,4485.0,4483300
2016-02-03,4412.0,4573.0,4573.0,4323.0,3876003
2016-02-04,4676.0,4367.0,5261.0,4309.0,24821854
2016-02-05,4778.0,4587.0,4792.0,4529.0,4643596
2016-02-11,4353.0,4426.0,4617.0,4294.0,4608083
2016-02-12,4104.0,4250.0,4323.0,3913.0,4812068
2016-02-15,4426.0,4353.0,4675.0,4309.0,9081037
2016-02-16,4441.0,4485.0,4543.0,4367.0,2774303
2016-02-17,4339.0,4426.0,4441.0,4309.0,2238317
2016-02-18,4514.0,4397.0,4660.0,4323.0,4703613
2016-02-19,4514.0,4411.0,4646.0,4411.0,3126992
2016-02-22,4500.0,4529.0,4543.0,4441.0,1398060
2016-02-23,4397.0,4573.0,4587.0,4338.0,2335018
2016-02-24,4397.0,4338.0,4485.0,4338.0,1332485
2016-02-25,5145.0,4411.0,5393.0,4411.0,46450141
2016-02-26,5042.0,5159.0,5217.0,4939.0,9891505
2016-02-29,5218.0,5100.0,5276.0,4983.0,11752642
2016-03-02,5452.0,5217.0,5789.0,5188.0,22602617
2016-03-03,5262.0,5467.0,5525.0,5144.0,6573234
2016-03-04,5350.0,5291.0,5599.0,5232.0,10315132
2016-03-07,5159.0,5349.0,5379.0,5115.0,3804075
2016-03-08,5233.0,5130.0,5364.0,5071.0,5473999
2016-03-09,5350.0,5188.0,5393.0,5173.0,3705391
2016-03-10,5350.0,5364.0,5569.0,5305.0,6003952
2016-03-11,5526.0,5349.0,5628.0,5335.0,8558274
2016-03-14,5570.0,5496.0,5569.0,5393.0,4120358
2016-03-15,5511.0,5540.0,5672.0,5467.0,4457835
2016-03-16,5760.0,5569.0,6331.0,5511.0,45017978
2016-03-17,5731.0,5833.0,5862.0,5643.0,5881249
2016-03-18,5658.0,5716.0,5892.0,5628.0,6762652
2016-03-21,5584.0,5613.0,5628.0,5452.0,3277435
2016-03-22,5643.0,5643.0,5701.0,5452.0,3562238
2016-03-23,5555.0,5628.0,5643.0,5496.0,2661112
2016-03-24,5394.0,5540.0,5599.0,5276.0,3326865
2016-03-25,5731.0,5349.0,5730.0,5291.0,7845743
2016-03-28,5790.0,5569.0,5965.0,5525.0,8240878
2016-03-29,5819.0,5789.0,5848.0,5701.0,3155118
2016-03-30,5834.0,5965.0,5965.0,5774.0,5817607
2016-03-31,5892.0,6214.0,6405.0,5877.0,17659119
2016-04-01,5995.0,5950.0,6112.0,5760.0,6191034
2016-04-04,5995.0,6068.0,6185.0,5906.0,4315193
2016-04-05,5878.0,5965.0,5980.0,5818.0,2599754
2016-04-06,5951.0,5848.0,6024.0,5833.0,2197995
2016-04-07,5804.0,5892.0,5921.0,5774.0,2734298
2016-04-08,5702.0,5774.0,5804.0,5584.0,3000460
2016-04-11,6215.0,5701.0,6317.0,5613.0,12727451
2016-04-12,6259.0,6243.0,6361.0,6097.0,9465641
2016-04-14,7329.0,6595.0,7753.0,6287.0,57722108
2016-04-15,6948.0,7328.0,7401.0,6874.0,14978048
2016-04-18,5775.0,6214.0,6361.0,5599.0,22518828
2016-04-19,5965.0,5760.0,6038.0,5716.0,8800755
2016-04-20,5951.0,5950.0,6141.0,5789.0,7775444
2016-04-21,6288.0,5994.0,6771.0,5892.0,39177790
2016-04-22,6478.0,6683.0,6903.0,6331.0,18727722
2016-04-25,6625.0,6654.0,6800.0,6493.0,8501954
2016-04-26,6508.0,6522.0,6669.0,6419.0,6947933
2016-04-27,6376.0,6493.0,6566.0,6375.0,3691304
2016-04-28,6391.0,6346.0,6537.0,6346.0,2842835
2016-04-29,6376.0,6361.0,6478.0,6317.0,2575723
2016-05-02,6581.0,6522.0,6713.0,6243.0,13144275
2016-05-03,6508.0,6625.0,6639.0,6463.0,3687752
2016-05-04,6493.0,6610.0,6742.0,6405.0,7812953
2016-05-09,6537.0,6493.0,6581.0,6449.0,2505455
2016-05-10,6464.0,6537.0,6566.0,6434.0,2139539
2016-05-11,6581.0,6537.0,6683.0,6449.0,4877898
2016-05-12,6552.0,6610.0,6625.0,6507.0,2306450
2016-05-13,6845.0,6771.0,7094.0,6581.0,15260333
2016-05-16,8589.0,7299.0,8765.0,6962.0,60162404
2016-05-17,7886.0,8237.0,8457.0,7695.0,28186440
2016-05-18,7695.0,7269.0,8295.0,6918.0,39735690
2016-05-19,7680.0,7958.0,8046.0,7401.0,14392221
2016-05-20,7504.0,7680.0,8046.0,7313.0,15009609
2016-05-23,7006.0,7269.0,7328.0,6756.0,16863977
2016-05-24,6464.0,6683.0,6947.0,6449.0,18927589
2016-05-25,6039.0,6698.0,6888.0,5467.0,19686351
2016-05-26,6640.0,6976.0,7431.0,6419.0,33729682
2016-05-27,6127.0,6449.0,6449.0,6024.0,9292156
2016-05-30,5394.0,6229.0,6287.0,5217.0,14114449
2016-05-31,5423.0,5291.0,5701.0,5115.0,8367987
2016-06-01,5335.0,5540.0,5584.0,5335.0,3370892
2016-06-02,5277.0,5320.0,5496.0,5261.0,3501361
2016-06-03,5247.0,5349.0,5364.0,5144.0,2745821
2016-06-07,5306.0,5291.0,5364.0,5232.0,2436014
2016-06-08,5013.0,5335.0,5335.0,4983.0,4109131
2016-06-09,5086.0,4998.0,5335.0,4983.0,5286274
2016-06-10,5145.0,5173.0,5335.0,5115.0,3076607
2016-06-13,5071.0,5071.0,5203.0,4998.0,2274994
2016-06-14,5130.0,5071.0,5144.0,4924.0,2238258
2016-06-15,5189.0,5159.0,5320.0,5130.0,3434191
2016-06-16,4998.0,5217.0,5247.0,4954.0,2329962
2016-06-17,4925.0,4954.0,5100.0,4836.0,1977824
2016-06-20,5013.0,4939.0,5056.0,4866.0,1398295
2016-06-21,4837.0,4998.0,5042.0,4704.0,2715842
2016-06-22,4778.0,4836.0,4924.0,4734.0,1610282
2016-06-23,4617.0,4719.0,4778.0,4514.0,2105568
2016-06-24,4251.0,4675.0,4719.0,4118.0,4570285
2016-06-27,4529.0,4104.0,4573.0,4045.0,3302954
2016-06-28,4661.0,4485.0,4690.0,4441.0,2161437
2016-06-29,4764.0,4748.0,4998.0,4690.0,3636104
2016-06-30,4749.0,4807.0,4851.0,4719.0,1260462
2016-07-01,4983.0,4734.0,4983.0,4734.0,2575582
2016-07-04,5335.0,5159.0,5672.0,5130.0,20085610
2016-07-05,5365.0,5408.0,5437.0,5159.0,3368046
2016-07-06,5335.0,5393.0,5423.0,5173.0,2597624
2016-07-07,5218.0,5452.0,5496.0,5203.0,2910448
2016-07-08,5189.0,5232.0,5291.0,5100.0,1675309
2016-07-11,5174.0,5159.0,5217.0,5115.0,1675720
2016-07-12,5218.0,5173.0,5232.0,5100.0,1373386
2016-07-13,5203.0,5217.0,5305.0,5159.0,1138848
2016-07-14,5115.0,5203.0,5217.0,5056.0,1252487
2016-07-15,5057.0,5042.0,5130.0,4983.0,1227410
2016-07-18,5159.0,5027.0,5217.0,5027.0,1405245
2016-07-19,5086.0,5115.0,5203.0,5056.0,587836
2016-07-20,5086.0,5086.0,5173.0,5012.0,883354
2016-07-21,5130.0,5217.0,5247.0,5115.0,1698017
2016-07-22,5247.0,5159.0,5276.0,5086.0,1764122
2016-07-25,5379.0,5335.0,5423.0,5247.0,3959299
2016-07-26,5277.0,5364.0,5379.0,5217.0,2116386
2016-07-27,5218.0,5276.0,5291.0,5144.0,1325739
2016-07-28,5262.0,5217.0,5276.0,5159.0,901105
2016-07-29,5130.0,5291.0,5291.0,5100.0,1247175
2016-08-01,5130.0,5130.0,5188.0,5086.0,608440
2016-08-02,5277.0,5144.0,5276.0,5042.0,1834495
2016-08-03,5159.0,5276.0,5276.0,5144.0,992821
2016-08-04,5174.0,5203.0,5217.0,5100.0,945981
2016-08-05,5247.0,5173.0,5261.0,5115.0,1178742
2016-08-08,5203.0,5217.0,5261.0,5159.0,802102
2016-08-09,5350.0,5217.0,5379.0,5159.0,4125117
2016-08-10,5335.0,5643.0,5745.0,5320.0,10038209
2016-08-11,5233.0,5349.0,5393.0,5217.0,2087449
2016-08-12,5203.0,5232.0,5276.0,5188.0,1280391
2016-08-16,5350.0,5188.0,5379.0,5188.0,2322788
2016-08-17,5291.0,5379.0,5393.0,5232.0,1330592
2016-08-18,5277.0,5261.0,5393.0,5247.0,1304525
2016-08-19,5321.0,5291.0,5437.0,5261.0,1940672
2016-08-22,5247.0,5305.0,5320.0,5232.0,1249532
2016-08-23,5218.0,5217.0,5320.0,5203.0,1055243
2016-08-24,5159.0,5217.0,5247.0,5144.0,1134093
2016-08-25,5086.0,5159.0,5173.0,5012.0,1409454
2016-08-26,5174.0,5071.0,5188.0,5027.0,1008062
2016-08-29,5321.0,5159.0,5467.0,5100.0,5155090
2016-08-30,5467.0,5349.0,5496.0,5305.0,4104583
2016-08-31,5482.0,5481.0,5628.0,5393.0,6267856
2016-09-01,5482.0,5467.0,5599.0,5408.0,4294524
2016-09-02,5731.0,5540.0,5730.0,5423.0,6074752
2016-09-05,5922.0,5892.0,6141.0,5760.0,11170419
2016-09-06,5936.0,5980.0,5980.0,5760.0,3963321
2016-09-07,6215.0,5950.0,6229.0,5833.0,7047687
2016-09-08,6185.0,6112.0,6713.0,5452.0,24920692
2016-09-09,6273.0,6390.0,6551.0,6156.0,12999561
2016-09-12,5834.0,6112.0,6214.0,5672.0,8220487
2016-09-13,5980.0,5921.0,6038.0,5789.0,3989814
2016-09-19,7768.0,6405.0,7768.0,6302.0,50561496
2016-09-20,7930.0,8149.0,8559.0,7680.0,75074472
2016-09-21,8017.0,7797.0,8017.0,7343.0,31382848
2016-09-22,6977.0,7548.0,7548.0,6976.0,8660920
2016-09-23,7138.0,6888.0,7138.0,6581.0,6468129
2016-09-26,7534.0,7138.0,7973.0,7138.0,6588129
2016-09-27,7417.0,7607.0,7856.0,7167.0,11922266
2016-09-28,7695.0,7387.0,7753.0,7240.0,10394771
2016-09-29,7402.0,7621.0,7768.0,7357.0,4984192
2016-09-30,7109.0,7226.0,7255.0,6932.0,4603310
2016-10-04,7182.0,7006.0,7328.0,6888.0,4098761
2016-10-05,7123.0,7226.0,7357.0,7064.0,3473105
2016-10-06,7153.0,7211.0,7401.0,7108.0,3721468
2016-10-07,6742.0,7108.0,7182.0,6727.0,3636336
2016-10-10,6742.0,6581.0,6874.0,6507.0,2081506
2016-10-11,6435.0,6771.0,6844.0,6229.0,3265638
2016-10-12,6435.0,6434.0,6581.0,6273.0,2349475
2016-10-13,6522.0,6463.0,6888.0,6434.0,5420682
2016-10-14,6698.0,6478.0,6727.0,6449.0,2514778
2016-10-17,6830.0,7006.0,7064.0,6771.0,2936306
2016-10-18,6610.0,6815.0,6888.0,6507.0,2263767
2016-10-19,6772.0,6669.0,6830.0,6566.0,1823906
2016-10-20,6581.0,6771.0,6844.0,6566.0,1527103
2016-10-21,6860.0,6595.0,6947.0,6507.0,3353273
2016-10-24,7006.0,7035.0,7152.0,6859.0,4138641
2016-10-25,6860.0,6903.0,7138.0,6727.0,2878501
2016-10-26,6024.0,6522.0,6537.0,5423.0,12354606
2016-10-27,6053.0,5877.0,6287.0,5877.0,5371389
2016-10-28,5760.0,5965.0,6038.0,5599.0,5263525
2016-10-31,5365.0,5393.0,5511.0,5144.0,5705346
2016-11-01,5452.0,5217.0,5584.0,5217.0,4451213
2016-11-02,4983.0,5393.0,5481.0,4924.0,4153304
2016-11-03,5071.0,4822.0,5115.0,4807.0,3061449
2016-11-04,4881.0,5100.0,5188.0,4866.0,2414919
2016-11-07,5335.0,5027.0,5540.0,4968.0,6216162
2016-11-08,5321.0,5423.0,5437.0,5188.0,2177509
2016-11-09,5101.0,5217.0,5555.0,4704.0,5976899
2016-11-10,5438.0,5291.0,5569.0,5247.0,3779646
2016-11-11,5555.0,5349.0,5686.0,5320.0,3084649
2016-11-14,5452.0,5511.0,5525.0,5320.0,2033768
2016-11-15,5511.0,5452.0,5686.0,5393.0,2304428
2016-11-16,5584.0,5540.0,5613.0,5481.0,1686205
2016-11-17,5746.0,5818.0,5877.0,5657.0,3143792
2016-11-18,5628.0,5716.0,5818.0,5569.0,1710325
2016-11-21,5365.0,5511.0,5569.0,5232.0,2048110
2016-11-22,5599.0,5437.0,5643.0,5349.0,2190349
2016-11-23,5365.0,5569.0,5701.0,5291.0,2106320
2016-11-24,5496.0,5511.0,5643.0,5379.0,2079033
2016-11-25,5599.0,5555.0,5613.0,5379.0,1358676
2016-11-28,5936.0,5701.0,6024.0,5569.0,7470705
2016-11-29,5731.0,5936.0,6068.0,5217.0,6805923
2016-11-30,5892.0,5994.0,5994.0,5774.0,3094447
2016-12-01,5965.0,5774.0,6068.0,5701.0,3441974
2016-12-02,5965.0,6038.0,6038.0,5892.0,2231493
2016-12-05,5540.0,5804.0,5877.0,5511.0,2683114
2016-12-06,5702.0,5584.0,5760.0,5584.0,1622152
2016-12-07,5951.0,5848.0,5980.0,5804.0,4009194
2016-12-08,5746.0,5892.0,5994.0,5716.0,2569601
2016-12-09,5980.0,5745.0,6097.0,5745.0,5750866
2016-12-12,6772.0,6126.0,6932.0,6068.0,15953158
2016-12-13,6669.0,6742.0,6918.0,6419.0,9134898
2016-12-14,6698.0,6669.0,6830.0,6595.0,2884165
2016-12-15,6742.0,6610.0,6742.0,6581.0,1892626
2016-12-16,6889.0,6756.0,7196.0,6756.0,7530304
2016-12-19,7109.0,7182.0,7284.0,6918.0,4453404
2016-12-20,6962.0,7196.0,7196.0,6786.0,2676793
2016-12-21,6757.0,7152.0,7167.0,6551.0,4853521
2016-12-22,6860.0,6815.0,6888.0,6654.0,2537629
2016-12-23,6742.0,6918.0,7006.0,6654.0,3265896
2016-12-26,6039.0,6331.0,6581.0,5980.0,5670036
2016-12-27,6215.0,6229.0,6331.0,6038.0,2895928
2016-12-28,6317.0,6214.0,6346.0,6170.0,1964946
2016-12-29,6303.0,6302.0,6317.0,6141.0,1835964
2017-01-02,6566.0,6287.0,6566.0,6200.0,2224309
2017-01-03,6698.0,6625.0,6727.0,6566.0,1923661
2017-01-04,6713.0,6830.0,6830.0,6669.0,1507354
2017-01-05,6669.0,6713.0,6771.0,6639.0,1121330
2017-01-06,6991.0,6683.0,7006.0,6625.0,3401034
2017-01-09,7035.0,7079.0,7094.0,6844.0,2698788
2017-01-10,6962.0,7035.0,7035.0,6713.0,2511963
2017-01-11,6698.0,6727.0,6888.0,6669.0,2841534
2017-01-12,6376.0,6698.0,6800.0,6170.0,4558380
2017-01-13,6625.0,6595.0,6947.0,6156.0,7680478
2017-01-16,6449.0,6478.0,6625.0,6361.0,2446173
2017-01-17,6229.0,6478.0,6610.0,6156.0,2719301
2017-01-18,6039.0,6068.0,6126.0,5804.0,4432077
2017-01-19,5511.0,5980.0,6082.0,5481.0,5884735
2017-01-20,5452.0,5423.0,5613.0,5305.0,5231804
2017-01-23,5042.0,5467.0,5540.0,4983.0,4203984
2017-01-24,5115.0,4983.0,5261.0,4748.0,5732458
2017-01-25,4529.0,5159.0,5159.0,4382.0,3951722
2017-01-26,4632.0,4367.0,4734.0,4235.0,3620648
2017-01-31,4339.0,4543.0,4602.0,4191.0,4766486
2017-02-01,4309.0,4250.0,4455.0,4206.0,3140007
2017-02-02,3019.0,3019.0,3019.0,3019.0,678799
2017-02-03,2190.0,2271.0,2345.0,2125.0,45130971
2017-02-06,2187.0,2254.0,2260.0,2169.0,13164845
2017-02-07,2137.0,2216.0,2216.0,2116.0,8245841
2017-02-08,2272.0,2139.0,2339.0,2063.0,20663207
2017-02-09,2234.0,2312.0,2327.0,2224.0,7892816
2017-02-10,2111.0,2213.0,2236.0,2101.0,6836840
2017-02-13,2231.0,2125.0,2424.0,2095.0,25093201
2017-02-14,2269.0,2254.0,2400.0,2154.0,12082756
2017-02-15,2946.0,2348.0,2946.0,2295.0,59737257
2017-02-16,2849.0,3209.0,3327.0,2746.0,49139757
2017-02-17,2975.0,2773.0,3136.0,2685.0,29698921
2017-02-20,2961.0,3019.0,3048.0,2887.0,7879107
2017-02-21,2890.0,2931.0,2975.0,2872.0,4765629
2017-02-22,2779.0,2907.0,2975.0,2764.0,8411377
2017-02-23,2676.0,2817.0,2858.0,2647.0,5802620
2017-02-24,2597.0,2679.0,2708.0,2559.0,3927862
2017-02-27,2632.0,2541.0,2828.0,2541.0,8205392
2017-02-28,2612.0,2647.0,2664.0,2565.0,2989919
2017-03-02,2512.0,2579.0,2597.0,2503.0,2899663
2017-03-03,2565.0,2468.0,2603.0,2365.0,3689563
2017-03-06,2609.0,2582.0,2735.0,2515.0,9071362
2017-03-07,2568.0,2611.0,2658.0,2559.0,2678910
2017-03-08,2512.0,2576.0,2579.0,2512.0,2087019
2017-03-09,2515.0,2477.0,2658.0,2477.0,4860647
2017-03-10,2638.0,2553.0,2808.0,2257.0,22329157
2017-03-13,2583.0,2647.0,2667.0,2579.0,3751917
2017-03-14,2673.0,2597.0,2699.0,2562.0,6423804
2017-03-15,2568.0,2679.0,2682.0,2559.0,4307065
2017-03-16,2574.0,2567.0,2594.0,2503.0,3778275
2017-03-17,2480.0,2556.0,2567.0,2480.0,2478591
2017-03-20,2374.0,2480.0,2491.0,2368.0,2036700
2017-03-21,2389.0,2386.0,2523.0,2377.0,2448939
2017-03-22,2401.0,2389.0,2456.0,2374.0,1563035
2017-03-23,2330.0,2412.0,2456.0,2327.0,2512611
2017-03-24,2272.0,2333.0,2342.0,2230.0,2535800
2017-03-27,2178.0,2271.0,2271.0,2145.0,3167196
2017-03-28,2234.0,2113.0,2286.0,2107.0,3296502
2017-03-29,2172.0,2236.0,2271.0,2169.0,1759622
2017-03-30,2111.0,2172.0,2172.0,2104.0,2301745
2017-03-31,2213.0,2110.0,2277.0,2107.0,4691673
2017-04-03,2240.0,2227.0,2298.0,2213.0,2135912
2017-04-04,2146.0,2198.0,2239.0,2145.0,2268644
2017-04-05,2169.0,2145.0,2251.0,2134.0,2167607
2017-04-06,2131.0,2175.0,2186.0,2116.0,1527554
2017-04-07,2119.0,2113.0,2169.0,2110.0,1150099
2017-04-10,2067.0,2128.0,2134.0,2060.0,2073421
2017-04-11,2052.0,2069.0,2101.0,1964.0,1675114
2017-04-12,2002.0,2046.0,2069.0,1984.0,1486693
2017-04-13,2011.0,1999.0,2037.0,1990.0,1495701
2017-04-14,1973.0,2010.0,2022.0,1955.0,1428613
2017-04-17,2023.0,1981.0,2031.0,1937.0,1215408
2017-04-18,2029.0,2037.0,2043.0,2002.0,637736
2017-04-19,2075.0,2046.0,2101.0,2028.0,1873374
2017-04-20,2070.0,2090.0,2104.0,2054.0,1063289
2017-04-21,2037.0,2069.0,2104.0,2037.0,1199425
2017-04-24,1944.0,2028.0,2034.0,1943.0,1608160
2017-04-25,1976.0,1943.0,1996.0,1934.0,1317022
2017-04-26,2026.0,1993.0,2110.0,1964.0,2710882
2017-04-27,1996.0,2025.0,2054.0,1996.0,820550
2017-04-28,1932.0,2005.0,2022.0,1931.0,1546298
2017-05-02,1853.0,1931.0,1961.0,1846.0,1313696
2017-05-04,1882.0,1855.0,1902.0,1849.0,722904
2017-05-08,1867.0,1884.0,1896.0,1855.0,743293
2017-05-10,1838.0,1873.0,1873.0,1832.0,1290633
2017-05-11,1820.0,1826.0,1843.0,1811.0,1087601
2017-05-12,1820.0,1814.0,1832.0,1796.0,888554
2017-05-15,1788.0,1817.0,1817.0,1782.0,1077166
2017-05-16,1718.0,1782.0,1794.0,1711.0,1725325
2017-05-17,1730.0,1714.0,1755.0,1706.0,837157
2017-05-18,1700.0,1714.0,1738.0,1679.0,1132704
2017-05-19,1756.0,1694.0,1794.0,1694.0,1749985
2017-05-22,1768.0,1755.0,1791.0,1744.0,757171
2017-05-23,1753.0,1761.0,1773.0,1747.0,586577
2017-05-24,1756.0,1767.0,1788.0,1750.0,946038
2017-05-25,1756.0,1750.0,1805.0,1735.0,1370711
2017-05-26,1759.0,1750.0,1776.0,1744.0,576209
2017-05-29,1700.0,1758.0,1770.0,1700.0,603759
2017-05-30,1724.0,1723.0,1750.0,1697.0,634260
2017-05-31,1905.0,1750.0,2046.0,1738.0,17625942
2017-06-01,1876.0,1884.0,1920.0,1832.0,3659725
2017-06-02,1891.0,1890.0,1937.0,1849.0,2516727
2017-06-05,1996.0,1958.0,2163.0,1928.0,25847805
2017-06-07,1949.0,1984.0,2008.0,1925.0,3377205
2017-06-08,1879.0,1949.0,2022.0,1879.0,3795608
2017-06-09,1923.0,1864.0,1993.0,1864.0,2794679
2017-06-12,1861.0,1928.0,1928.0,1861.0,1361159
2017-06-13,1914.0,1840.0,2005.0,1840.0,6023956
2017-06-14,1973.0,1914.0,1993.0,1914.0,3619486
2017-06-15,1929.0,1961.0,2005.0,1914.0,2014794
2017-06-16,1885.0,1923.0,1928.0,1879.0,1599073
2017-06-19,1876.0,1887.0,1920.0,1876.0,764063
2017-06-20,1779.0,1890.0,1893.0,1720.0,1522030
2017-06-21,1779.0,1788.0,1814.0,1770.0,660739
2017-06-22,1820.0,1776.0,2075.0,1773.0,15535559
2017-06-23,1835.0,1808.0,1870.0,1805.0,2239890
2017-06-26,1809.0,1832.0,1843.0,1785.0,1172042
2017-06-27,1800.0,1808.0,1852.0,1791.0,812407
2017-06-28,1803.0,1820.0,1820.0,1788.0,728608
2017-06-29,1803.0,1814.0,1840.0,1788.0,1545847
2017-06-30,1788.0,1820.0,1820.0,1770.0,638547
2017-07-03,1738.0,1788.0,1808.0,1732.0,1077190
2017-07-04,1727.0,1744.0,1770.0,1694.0,1022235
2017-07-05,1732.0,1714.0,1747.0,1714.0,854963
2017-07-06,1727.0,1729.0,1741.0,1714.0,643972
2017-07-07,1715.0,1732.0,1735.0,1709.0,448297
2017-07-10,1656.0,1726.0,1726.0,1618.0,979170
2017-07-11,1689.0,1653.0,1729.0,1644.0,1116708
2017-07-12,1653.0,1688.0,1706.0,1647.0,597860
2017-07-13,1615.0,1647.0,1670.0,1597.0,1041926
2017-07-14,1636.0,1612.0,1665.0,1582.0,1588493
2017-07-17,1642.0,1653.0,1662.0,1624.0,477605
2017-07-18,1618.0,1647.0,1659.0,1612.0,717594
2017-07-19,1633.0,1621.0,1635.0,1612.0,483755
2017-07-20,1627.0,1635.0,1644.0,1618.0,506663
2017-07-21,1630.0,1632.0,1641.0,1606.0,701390
2017-07-24,1653.0,1626.0,1788.0,1621.0,3613453
2017-07-25,1636.0,1662.0,1665.0,1629.0,729266
2017-07-26,1592.0,1635.0,1650.0,1568.0,1120919
2017-07-27,1548.0,1568.0,1612.0,1544.0,970769
2017-07-28,1498.0,1547.0,1559.0,1486.0,1253251
2017-07-31,1463.0,1497.0,1512.0,1451.0,649565
2017-08-01,1475.0,1471.0,1495.0,1453.0,506005
2017-08-02,1501.0,1486.0,1503.0,1462.0,359876
2017-08-03,1466.0,1495.0,1509.0,1456.0,535981
2017-08-04,1477.0,1474.0,1571.0,1459.0,1647600
2017-08-07,1527.0,1486.0,1562.0,1486.0,1684953
2017-08-08,1583.0,1527.0,1653.0,1515.0,3862057
2017-08-09,1518.0,1585.0,1621.0,1512.0,1240933
2017-08-10,1527.0,1512.0,1556.0,1509.0,553856
2017-08-11,1586.0,1512.0,1603.0,1495.0,2383346
2017-08-14,1560.0,1653.0,1741.0,1559.0,8755567
2017-08-16,1495.0,1559.0,1559.0,1495.0,1895197
2017-08-17,1510.0,1509.0,1533.0,1495.0,613947
2017-08-18,1516.0,1509.0,1536.0,1492.0,601349
2017-08-21,1507.0,1518.0,1550.0,1500.0,547954
2017-08-22,1516.0,1506.0,1524.0,1503.0,411511
2017-08-23,1495.0,1515.0,1527.0,1495.0,437647
2017-08-24,1504.0,1503.0,1512.0,1492.0,317034
2017-08-25,1516.0,1512.0,1518.0,1495.0,306585
2017-08-28,1510.0,1521.0,1521.0,1492.0,384107
2017-08-29,1504.0,1500.0,1518.0,1495.0,334211
2017-08-30,1492.0,1500.0,1509.0,1483.0,676069
2017-08-31,1495.0,1497.0,1512.0,1480.0,514847
2017-09-01,1483.0,1492.0,1500.0,1480.0,450121
2017-09-04,1460.0,1453.0,1480.0,1453.0,483023
2017-09-05,1463.0,1474.0,1474.0,1456.0,429463
2017-09-06,1463.0,1474.0,1474.0,1451.0,480427
2017-09-07,1463.0,1459.0,1465.0,1456.0,344561
2017-09-08,1445.0,1465.0,1471.0,1439.0,468053
2017-09-11,1428.0,1430.0,1456.0,1418.0,540841
2017-09-12,1416.0,1427.0,1448.0,1410.0,530693
2017-09-13,1378.0,1418.0,1424.0,1363.0,1212856
2017-09-14,1369.0,1374.0,1401.0,1354.0,653565
2017-09-15,1319.0,1368.0,1377.0,1301.0,1346710
2017-09-18,1328.0,1310.0,1357.0,1304.0,870196
2017-09-19,1384.0,1345.0,1407.0,1325.0,1221145
2017-09-20,1428.0,1407.0,1471.0,1395.0,2939905
2017-09-21,1425.0,1456.0,1465.0,1333.0,1520596
2017-09-22,1425.0,1407.0,1459.0,1380.0,1203122
2017-09-25,1407.0,1436.0,1486.0,1407.0,1759696
2017-09-26,1433.0,1392.0,1448.0,1386.0,535224
2017-09-27,1425.0,1439.0,1442.0,1421.0,406789
2017-09-28,1480.0,1415.0,1506.0,1415.0,1468869
2017-09-29,1630.0,1495.0,1855.0,1486.0,22441295
2017-10-10,1627.0,1624.0,1691.0,1559.0,2721856
2017-10-11,1788.0,1626.0,1923.0,1615.0,21512634
2017-10-12,1771.0,1779.0,1808.0,1723.0,3445921
2017-10-13,1779.0,1802.0,1905.0,1744.0,6888375
2017-10-16,1686.0,1761.0,1805.0,1626.0,2445934
2017-10-17,1712.0,1670.0,1791.0,1670.0,2077089
2017-10-18,1730.0,1703.0,1747.0,1662.0,1587837
2017-10-19,1694.0,1720.0,1744.0,1673.0,850892
2017-10-20,1680.0,1676.0,1706.0,1659.0,798729
2017-10-23,1706.0,1697.0,1773.0,1667.0,1512677
2017-10-24,1712.0,1723.0,1723.0,1673.0,685650
2017-10-25,1694.0,1723.0,1723.0,1676.0,717039
2017-10-26,1656.0,1700.0,1703.0,1653.0,743833
2017-10-27,1665.0,1659.0,1700.0,1659.0,412632
2017-10-30,1712.0,1679.0,1717.0,1670.0,637171
2017-10-31,1691.0,1711.0,1720.0,1670.0,654242
2017-11-01,1683.0,1697.0,1697.0,1667.0,384557
2017-11-02,1650.0,1682.0,1685.0,1650.0,587650
2017-11-03,1639.0,1635.0,1656.0,1632.0,363878
2017-11-06,1656.0,1638.0,1676.0,1612.0,711906
2017-11-07,1647.0,1656.0,1682.0,1632.0,573904
2017-11-08,1653.0,1662.0,1670.0,1638.0,394293
2017-11-09,1533.0,1653.0,1653.0,1533.0,2075708
2017-11-10,1524.0,1530.0,1530.0,1439.0,2043399
2017-11-13,1554.0,1539.0,1568.0,1497.0,747400
2017-11-14,1545.0,1556.0,1565.0,1533.0,654167
2017-11-15,1545.0,1547.0,1562.0,1533.0,853661
2017-11-16,1530.0,1544.0,1550.0,1515.0,440989
2017-11-17,1513.0,1550.0,1550.0,1506.0,416904
2017-11-20,1521.0,1524.0,1533.0,1492.0,297197
2017-11-21,1495.0,1530.0,1559.0,1492.0,732639
2017-11-22,1527.0,1477.0,1568.0,1477.0,1770886
2017-11-23,1562.0,1527.0,1580.0,1524.0,759900
2017-11-24,1627.0,1562.0,1665.0,1562.0,2009755
2017-11-27,1592.0,1656.0,1656.0,1585.0,663355
2017-11-28,1577.0,1591.0,1603.0,1574.0,579799
2017-11-29,1565.0,1600.0,1600.0,1556.0,242872
2017-11-30,1615.0,1553.0,1662.0,1550.0,994925
2017-12-01,1674.0,1615.0,1709.0,1609.0,2160272
2017-12-04,1653.0,1665.0,1732.0,1641.0,2062539
2017-12-05,1779.0,1632.0,1978.0,1632.0,9141682
2017-12-06,1753.0,1779.0,1820.0,1711.0,2262428
2017-12-07,1803.0,1750.0,1814.0,1744.0,3013429
2017-12-08,1797.0,1840.0,1990.0,1773.0,7901533
2017-12-11,1820.0,1796.0,1911.0,1796.0,2380159
2017-12-12,1785.0,1835.0,1887.0,1750.0,1470061
2017-12-13,1774.0,1791.0,1811.0,1747.0,926602
2017-12-14,1908.0,1776.0,1908.0,1761.0,3616331
2017-12-15,2043.0,1937.0,2081.0,1931.0,7828930
2017-12-18,1938.0,2037.0,2043.0,1937.0,2481600
2017-12-19,2111.0,1940.0,2192.0,1896.0,10292423
2017-12-20,1961.0,2081.0,2119.0,1896.0,7284755
2017-12-21,1829.0,1949.0,1961.0,1779.0,2483213
2017-12-22,1747.0,1829.0,1855.0,1720.0,1817430
2017-12-26,1621.0,1738.0,1755.0,1621.0,1364433
2017-12-27,1680.0,1615.0,1700.0,1615.0,516802
2017-12-28,1721.0,1682.0,1755.0,1679.0,522929
2018-01-02,1803.0,1817.0,1879.0,1767.0,1120985
2018-01-03,1765.0,1791.0,1802.0,1685.0,910433
2018-01-04,1683.0,1539.0,1758.0,1530.0,6466306
2018-01-05,1674.0,1714.0,1717.0,1659.0,1433005
2018-01-08,2175.0,1729.0,2175.0,1729.0,12496714
2018-01-09,2374.0,2521.0,2608.0,2216.0,76244515
2018-01-10,2166.0,2312.0,2359.0,2069.0,17269699
2018-01-11,2031.0,2110.0,2151.0,1964.0,8616865
2018-01-12,1979.0,1984.0,2066.0,1955.0,3673824
2018-01-15,2017.0,1943.0,2022.0,1905.0,3775231
2018-01-16,2020.0,2052.0,2166.0,2013.0,5347448
2018-01-17,1923.0,2031.0,2031.0,1911.0,3368334
2018-01-18,1944.0,1923.0,2028.0,1905.0,3509646
2018-01-19,1935.0,1949.0,2005.0,1925.0,2029461
2018-01-22,1847.0,1925.0,1925.0,1832.0,2463382
2018-01-23,1850.0,1873.0,1896.0,1840.0,1552702
2018-01-24,1853.0,1876.0,1887.0,1840.0,1347040
2018-01-25,1861.0,1849.0,1867.0,1849.0,1124359
2018-01-26,1993.0,1867.0,2139.0,1858.0,16338345
2018-01-29,1952.0,2019.0,2022.0,1937.0,2478711
2018-01-30,2008.0,1964.0,2008.0,1937.0,2153507
2018-01-31,2020.0,2010.0,2063.0,1987.0,3619356
2018-02-01,1999.0,2040.0,2043.0,1990.0,1739200
2018-02-02,1917.0,1993.0,1993.0,1899.0,2143477
2018-02-05,1867.0,1846.0,1896.0,1846.0,926574
2018-02-06,1882.0,1788.0,1908.0,1741.0,1828707
2018-02-07,1791.0,1884.0,1908.0,1788.0,1013073
2018-02-08,1832.0,1776.0,1867.0,1773.0,695608
2018-02-09,1782.0,1758.0,1823.0,1753.0,544775
2018-02-12,1738.0,1758.0,1796.0,1729.0,1107345
2018-02-13,1668.0,1735.0,1758.0,1638.0,1877595
2018-02-14,1706.0,1670.0,1714.0,1659.0,526437
2018-02-19,1762.0,1726.0,1785.0,1697.0,933578
2018-02-20,1782.0,1761.0,1799.0,1755.0,846774
2018-02-21,1815.0,1785.0,1817.0,1758.0,894593
2018-02-22,1815.0,1826.0,1940.0,1794.0,4025687
2018-02-23,1779.0,1835.0,1838.0,1764.0,956037
2018-02-26,1788.0,1794.0,1826.0,1758.0,853097
2018-02-27,1812.0,1799.0,1855.0,1799.0,1025812
2018-02-28,1765.0,1796.0,1832.0,1764.0,455206
2018-03-02,1794.0,1758.0,1811.0,1758.0,583200
2018-03-05,1835.0,1794.0,1843.0,1782.0,666877
2018-03-06,1794.0,1773.0,1843.0,1773.0,634978
2018-03-07,1815.0,1794.0,1814.0,1761.0,1037414
2018-03-08,1794.0,1814.0,1817.0,1779.0,825681
2018-03-09,1800.0,1773.0,1823.0,1773.0,530388
2018-03-12,1856.0,1817.0,1858.0,1814.0,1434630
2018-03-13,1876.0,1887.0,1890.0,1843.0,1284301
2018-03-14,1838.0,1873.0,1873.0,1826.0,790251
2018-03-15,2090.0,1817.0,2271.0,1817.0,21545896
2018-03-16,2055.0,2087.0,2095.0,2022.0,3854089
2018-03-19,1985.0,2054.0,2078.0,1969.0,2256808
2018-03-20,1955.0,1969.0,2037.0,1928.0,1393504
2018-03-21,1914.0,1975.0,1996.0,1914.0,1020979
2018-03-22,1615.0,1840.0,1840.0,1377.0,8953755
2018-03-23,1475.0,1495.0,1597.0,1465.0,2513301
2018-03-26,1562.0,1459.0,1665.0,1363.0,3921193
2018-03-27,1524.0,1562.0,1565.0,1495.0,1237873
2018-03-28,1392.0,1495.0,1539.0,1374.0,2057363
2018-03-29,1451.0,1412.0,1700.0,1410.0,7817273
2018-03-30,1483.0,1465.0,1497.0,1410.0,2099336
2018-04-02,1422.0,1483.0,1568.0,1398.0,4701415
2018-04-03,1700.0,1656.0,1761.0,1624.0,21086416
2018-04-04,1621.0,1670.0,1670.0,1580.0,3818725
2018-04-05,1583.0,1653.0,1653.0,1568.0,1171043
2018-04-06,1560.0,1582.0,1594.0,1553.0,674426
2018-04-09,1598.0,1550.0,1641.0,1550.0,987615
2018-04-10,1595.0,1597.0,1632.0,1582.0,989762
2018-04-11,1598.0,1600.0,1641.0,1577.0,528963
2018-04-12,1606.0,1603.0,1624.0,1580.0,836540
2018-04-13,1671.0,1615.0,1697.0,1591.0,2062967
2018-04-16,1671.0,1685.0,1703.0,1659.0,1126229
2018-04-17,1788.0,1697.0,1788.0,1676.0,3821551
2018-04-18,1735.0,1796.0,1923.0,1700.0,6215728
2018-04-19,1753.0,1761.0,1794.0,1670.0,2929376
2018-04-20,1779.0,1758.0,1794.0,1717.0,1341160
2018-04-23,1741.0,1779.0,1791.0,1703.0,1579106
2018-04-24,1788.0,1738.0,2110.0,1729.0,24262689
2018-04-25,1797.0,1773.0,1843.0,1755.0,2063315
2018-04-26,1817.0,1796.0,1846.0,1791.0,1405272
2018-04-27,1797.0,1840.0,1873.0,1788.0,1520451
2018-04-30,1794.0,1767.0,1835.0,1758.0,1945982
2018-05-02,1771.0,1767.0,1829.0,1764.0,1618800
2018-05-03,1774.0,1770.0,1820.0,1761.0,1536432
2018-05-04,1779.0,1779.0,1799.0,1758.0,1126859
2018-05-08,1694.0,1764.0,1794.0,1670.0,1853808
2018-05-09,1668.0,1673.0,1741.0,1638.0,991953
2018-05-10,1700.0,1676.0,1714.0,1667.0,464696
2018-05-11,1741.0,1703.0,1776.0,1703.0,653538
2018-05-14,1665.0,1747.0,1767.0,1653.0,1563104
2018-05-15,1647.0,1670.0,1709.0,1629.0,1234197
2018-05-16,1647.0,1679.0,1679.0,1615.0,740317
2018-05-17,1627.0,1647.0,1662.0,1615.0,891751
2018-05-18,1665.0,1641.0,1673.0,1624.0,637665
2018-05-21,1671.0,1747.0,1747.0,1641.0,955846
2018-05-23,1642.0,1688.0,1688.0,1629.0,747133
2018-05-24,1630.0,1635.0,1662.0,1609.0,652319
2018-05-25,1592.0,1638.0,1638.0,1577.0,699480
2018-05-28,1551.0,1618.0,1618.0,1477.0,1648997
2018-05-29,1504.0,1547.0,1577.0,1483.0,1469751
2018-05-30,1516.0,1503.0,1521.0,1462.0,1273532
2018-05-31,1498.0,1536.0,1536.0,1483.0,522445
2018-06-01,1477.0,1497.0,1524.0,1436.0,1314342
2018-06-04,1486.0,1495.0,1503.0,1465.0,546187
2018-06-05,1477.0,1495.0,1495.0,1453.0,823631
2018-06-07,1466.0,1474.0,1480.0,1436.0,1186186
2018-06-08,1466.0,1468.0,1483.0,1451.0,499626
2018-06-11,1492.0,1465.0,1492.0,1439.0,1149676
2018-06-12,1510.0,1492.0,1568.0,1480.0,1822443
2018-06-14,1495.0,1492.0,1518.0,1480.0,629905
2018-06-15,1483.0,1553.0,1618.0,1465.0,1363507
2018-06-18,1457.0,1480.0,1486.0,1448.0,865526
2018-06-19,1472.0,1474.0,1486.0,1421.0,763898
2018-06-20,1451.0,1451.0,1474.0,1433.0,388492
2018-06-21,1422.0,1471.0,1471.0,1421.0,310739
2018-06-22,1410.0,1424.0,1445.0,1395.0,462832
2018-06-25,1436.0,1377.0,1445.0,1377.0,373432
2018-06-26,1410.0,1407.0,1453.0,1404.0,457101
2018-06-27,1401.0,1445.0,1445.0,1398.0,421660
2018-06-28,1381.0,1415.0,1445.0,1380.0,400749
2018-06-29,1319.0,1380.0,1392.0,1231.0,1874035
2018-07-02,1217.0,1201.0,1278.0,1201.0,2673775
2018-07-03,1214.0,1175.0,1234.0,1175.0,688585
2018-07-04,1240.0,1190.0,1351.0,1190.0,1347335
2018-07-05,1263.0,1240.0,1275.0,1204.0,519651
2018-07-06,1240.0,1263.0,1286.0,1172.0,601077
2018-07-09,1240.0,0.0,0.0,0.0,0
2018-07-10,1240.0,0.0,0.0,0.0,0
2018-07-11,1240.0,0.0,0.0,0.0,0
2018-07-12,1240.0,0.0,0.0,0.0,0
2018-07-13,1240.0,0.0,0.0,0.0,0
2018-07-16,1240.0,0.0,0.0,0.0,0
2018-07-17,1240.0,0.0,0.0,0.0,0
2018-07-18,1240.0,0.0,0.0,0.0,0
2018-07-19,1240.0,0.0,0.0,0.0,0
2018-07-20,1240.0,0.0,0.0,0.0,0
2018-07-23,1240.0,0.0,0.0,0.0,0
2018-07-24,1240.0,0.0,0.0,0.0,0
2018-07-25,1240.0,0.0,0.0,0.0,0
2018-07-26,1240.0,0.0,0.0,0.0,0
2018-07-27,1240.0,0.0,0.0,0.0,0
2018-07-30,1240.0,0.0,0.0,0.0,0
2018-07-31,1240.0,0.0,0.0,0.0,0
2018-08-01,1240.0,0.0,0.0,0.0,0
2018-08-02,1240.0,0.0,0.0,0.0,0
2018-08-03,1240.0,0.0,0.0,0.0,0
2018-08-06,1240.0,0.0,0.0,0.0,0
2018-08-07,1240.0,0.0,0.0,0.0,0
2018-08-08,1240.0,0.0,0.0,0.0,0
2018-08-09,1240.0,0.0,0.0,0.0,0
2018-08-10,1240.0,0.0,0.0,0.0,0
2018-08-13,1240.0,0.0,0.0,0.0,0
2018-08-14,1240.0,0.0,0.0,0.0,0
2018-08-16,1240.0,0.0,0.0,0.0,0
2018-08-17,1240.0,0.0,0.0,0.0,0
2018-08-20,1240.0,0.0,0.0,0.0,0
2018-08-21,1240.0,0.0,0.0,0.0,0
2018-08-22,1240.0,0.0,0.0,0.0,0
2018-08-23,1240.0,0.0,0.0,0.0,0
2018-08-24,1240.0,0.0,0.0,0.0,0
2018-08-27,1240.0,0.0,0.0,0.0,0
2018-08-28,1240.0,0.0,0.0,0.0,0
2018-08-29,1240.0,0.0,0.0,0.0,0
2018-08-30,1240.0,0.0,0.0,0.0,0
2018-08-31,1240.0,0.0,0.0,0.0,0
2018-09-03,1240.0,0.0,0.0,0.0,0
2018-09-04,1240.0,0.0,0.0,0.0,0
2018-09-05,1240.0,0.0,0.0,0.0,0
2018-09-06,1240.0,0.0,0.0,0.0,0
2018-09-07,1240.0,0.0,0.0,0.0,0
2018-09-10,1240.0,0.0,0.0,0.0,0
2018-09-11,1240.0,0.0,0.0,0.0,0
2018-09-12,1240.0,0.0,0.0,0.0,0
2018-09-13,1240.0,0.0,0.0,0.0,0
2018-09-14,1240.0,0.0,0.0,0.0,0
2018-09-17,1240.0,0.0,0.0,0.0,0
2018-09-18,1240.0,0.0,0.0,0.0,0
2018-09-19,1240.0,0.0,0.0,0.0,0
2018-09-20,1240.0,0.0,0.0,0.0,0
2018-09-21,1240.0,0.0,0.0,0.0,0
2018-09-27,1240.0,0.0,0.0,0.0,0
2018-09-28,1240.0,0.0,0.0,0.0,0
2018-10-01,1240.0,0.0,0.0,0.0,0
2018-10-02,1240.0,0.0,0.0,0.0,0
2018-10-04,1240.0,0.0,0.0,0.0,0
2018-10-05,1240.0,0.0,0.0,0.0,0
2018-10-08,1240.0,0.0,0.0,0.0,0
2018-10-10,1240.0,0.0,0.0,0.0,0
2018-10-11,1240.0,0.0,0.0,0.0,0
2018-10-12,1240.0,0.0,0.0,0.0,0
2018-10-15,1240.0,0.0,0.0,0.0,0
2018-10-16,1240.0,0.0,0.0,0.0,0
2018-10-17,1240.0,0.0,0.0,0.0,0
2018-10-18,1240.0,0.0,0.0,0.0,0
2018-10-19,1240.0,0.0,0.0,0.0,0
2018-10-22,1240.0,0.0,0.0,0.0,0
2018-10-23,1240.0,0.0,0.0,0.0,0
2018-10-24,1240.0,0.0,0.0,0.0,0
2018-10-25,1240.0,0.0,0.0,0.0,0
2018-10-26,1240.0,0.0,0.0,0.0,0
2018-10-29,1240.0,0.0,0.0,0.0,0
2018-10-30,1240.0,0.0,0.0,0.0,0
2018-10-31,1240.0,0.0,0.0,0.0,0
2018-11-01,1240.0,0.0,0.0,0.0,0
2018-11-02,1240.0,0.0,0.0,0.0,0
2018-11-05,1240.0,0.0,0.0,0.0,0
2018-11-06,1240.0,0.0,0.0,0.0,0
2018-11-07,1240.0,0.0,0.0,0.0,0
2018-11-08,1240.0,0.0,0.0,0.0,0
2018-11-09,1240.0,0.0,0.0,0.0,0
2018-11-12,1240.0,0.0,0.0,0.0,0
2018-11-13,1240.0,0.0,0.0,0.0,0
2018-11-14,1240.0,0.0,0.0,0.0,0
2018-11-15,1240.0,0.0,0.0,0.0,0
2018-11-16,1240.0,0.0,0.0,0.0,0
2018-11-19,1240.0,0.0,0.0,0.0,0
2018-11-20,1240.0,0.0,0.0,0.0,0
2018-11-21,1240.0,0.0,0.0,0.0,0
2018-11-22,1240.0,0.0,0.0,0.0,0
2018-11-23,1240.0,0.0,0.0,0.0,0
2018-11-26,1240.0,0.0,0.0,0.0,0
2018-11-27,1240.0,0.0,0.0,0.0,0
2018-11-28,1240.0,0.0,0.0,0.0,0
2018-11-29,1240.0,0.0,0.0,0.0,0
2018-11-30,1240.0,0.0,0.0,0.0,0
2018-12-03,1240.0,0.0,0.0,0.0,0
2018-12-04,1240.0,0.0,0.0,0.0,0
2018-12-05,1240.0,0.0,0.0,0.0,0
2018-12-06,1240.0,0.0,0.0,0.0,0
2018-12-07,1240.0,0.0,0.0,0.0,0
2018-12-10,1240.0,0.0,0.0,0.0,0
2018-12-11,1240.0,0.0,0.0,0.0,0
2018-12-12,1240.0,0.0,0.0,0.0,0
2018-12-13,1240.0,0.0,0.0,0.0,0
2018-12-14,1240.0,0.0,0.0,0.0,0
2018-12-17,1240.0,0.0,0.0,0.0,0
2018-12-18,1240.0,0.0,0.0,0.0,0
2018-12-19,1240.0,0.0,0.0,0.0,0
2018-12-20,1240.0,0.0,0.0,0.0,0
2018-12-21,1240.0,0.0,0.0,0.0,0
2018-12-24,1240.0,0.0,0.0,0.0,0
2018-12-26,1240.0,0.0,0.0,0.0,0
2018-12-27,1240.0,0.0,0.0,0.0,0
2018-12-28,1240.0,0.0,0.0,0.0,0
2019-01-02,1240.0,0.0,0.0,0.0,0
2019-01-03,1240.0,0.0,0.0,0.0,0
2019-01-04,1240.0,0.0,0.0,0.0,0
2019-01-07,1240.0,0.0,0.0,0.0,0
2019-01-08,1240.0,0.0,0.0,0.0,0
2019-01-09,1240.0,0.0,0.0,0.0,0
2019-01-10,1240.0,0.0,0.0,0.0,0
2019-01-11,1240.0,0.0,0.0,0.0,0
2019-01-14,1240.0,0.0,0.0,0.0,0
2019-01-15,1240.0,0.0,0.0,0.0,0
2019-01-16,1240.0,0.0,0.0,0.0,0
2019-01-17,1240.0,0.0,0.0,0.0,0
2019-01-18,1240.0,0.0,0.0,0.0,0
2019-01-21,1240.0,0.0,0.0,0.0,0
2019-01-22,1240.0,0.0,0.0,0.0,0
2019-01-23,1240.0,0.0,0.0,0.0,0
2019-01-24,1240.0,0.0,0.0,0.0,0
2019-01-25,1240.0,0.0,0.0,0.0,0
2019-01-28,1240.0,0.0,0.0,0.0,0
2019-01-29,1240.0,0.0,0.0,0.0,0
2019-01-30,1240.0,0.0,0.0,0.0,0
2019-01-31,1240.0,0.0,0.0,0.0,0
2019-02-01,1240.0,0.0,0.0,0.0,0
2019-02-07,1240.0,0.0,0.0,0.0,0
2019-02-08,1240.0,0.0,0.0,0.0,0
2019-02-11,1240.0,0.0,0.0,0.0,0
2019-02-12,1240.0,0.0,0.0,0.0,0
2019-02-13,1240.0,0.0,0.0,0.0,0
2019-02-14,1240.0,0.0,0.0,0.0,0
2019-02-15,1240.0,0.0,0.0,0.0,0
2019-02-18,1240.0,0.0,0.0,0.0,0
2019-02-19,1240.0,0.0,0.0,0.0,0
2019-02-20,1240.0,0.0,0.0,0.0,0
2019-02-21,1240.0,0.0,0.0,0.0,0
2019-02-22,1240.0,0.0,0.0,0.0,0
2019-02-25,1240.0,0.0,0.0,0.0,0
2019-02-26,1240.0,0.0,0.0,0.0,0
2019-02-27,1240.0,0.0,0.0,0.0,0
2019-02-28,1240.0,0.0,0.0,0.0,0
2019-03-04,1240.0,0.0,0.0,0.0,0
2019-03-05,1240.0,0.0,0.0,0.0,0
2019-03-06,1240.0,0.0,0.0,0.0,0
2019-03-07,1240.0,0.0,0.0,0.0,0
2019-03-08,1240.0,0.0,0.0,0.0,0
2019-03-11,1240.0,0.0,0.0,0.0,0
2019-03-12,1240.0,0.0,0.0,0.0,0
2019-03-13,1240.0,0.0,0.0,0.0,0
2019-03-14,1240.0,0.0,0.0,0.0,0
2019-03-15,1240.0,0.0,0.0,0.0,0
2019-03-18,1240.0,0.0,0.0,0.0,0
2019-03-19,1240.0,0.0,0.0,0.0,0
2019-03-20,1240.0,0.0,0.0,0.0,0
2019-03-21,1240.0,0.0,0.0,0.0,0
2019-03-22,1240.0,0.0,0.0,0.0,0
2019-03-25,1240.0,0.0,0.0,0.0,0
2019-03-26,1240.0,0.0,0.0,0.0,0
2019-03-27,1240.0,0.0,0.0,0.0,0
2019-03-28,1240.0,0.0,0.0,0.0,0
2019-03-29,1240.0,0.0,0.0,0.0,0
2019-04-01,1240.0,0.0,0.0,0.0,0
2019-04-02,1240.0,0.0,0.0,0.0,0
2019-04-03,1240.0,0.0,0.0,0.0,0
2019-04-04,1240.0,0.0,0.0,0.0,0
2019-04-05,1240.0,0.0,0.0,0.0,0
2019-04-08,1240.0,0.0,0.0,0.0,0
2019-04-09,1240.0,0.0,0.0,0.0,0
2019-04-10,1240.0,0.0,0.0,0.0,0
2019-04-11,1240.0,0.0,0.0,0.0,0
2019-04-12,1240.0,0.0,0.0,0.0,0
2019-04-15,1240.0,0.0,0.0,0.0,0
2019-04-16,1240.0,0.0,0.0,0.0,0
2019-04-17,1240.0,0.0,0.0,0.0,0
2019-04-18,1240.0,0.0,0.0,0.0,0
2019-04-19,1240.0,0.0,0.0,0.0,0
2019-04-22,1240.0,0.0,0.0,0.0,0
2019-04-23,1240.0,0.0,0.0,0.0,0
2019-04-24,1240.0,0.0,0.0,0.0,0
2019-04-25,1240.0,0.0,0.0,0.0,0
2019-04-26,1240.0,0.0,0.0,0.0,0
2019-04-29,1240.0,0.0,0.0,0.0,0
2019-04-30,1240.0,0.0,0.0,0.0,0
2019-05-02,1240.0,0.0,0.0,0.0,0
2019-05-03,1240.0,0.0,0.0,0.0,0
2019-05-07,1240.0,0.0,0.0,0.0,0
2019-05-08,1240.0,0.0,0.0,0.0,0
2019-05-09,1240.0,0.0,0.0,0.0,0
2019-05-10,1240.0,0.0,0.0,0.0,0
2019-05-13,1240.0,0.0,0.0,0.0,0
2019-05-14,1240.0,0.0,0.0,0.0,0
2019-05-15,1240.0,0.0,0.0,0.0,0
2019-05-16,1240.0,0.0,0.0,0.0,0
2019-05-17,1240.0,0.0,0.0,0.0,0
2019-05-20,1240.0,0.0,0.0,0.0,0
2019-05-21,1240.0,0.0,0.0,0.0,0
2019-05-22,1240.0,0.0,0.0,0.0,0
2019-05-23,1240.0,0.0,0.0,0.0,0
2019-05-24,1240.0,0.0,0.0,0.0,0
2019-05-27,1240.0,0.0,0.0,0.0,0
2019-05-28,1240.0,0.0,0.0,0.0,0
2019-05-29,1240.0,0.0,0.0,0.0,0
2019-05-30,1240.0,0.0,0.0,0.0,0
2019-05-31,1240.0,0.0,0.0,0.0,0
2019-06-03,1240.0,0.0,0.0,0.0,0
2019-06-04,1240.0,0.0,0.0,0.0,0
2019-06-05,1240.0,0.0,0.0,0.0,0
2019-06-07,1240.0,0.0,0.0,0.0,0
2019-06-10,1240.0,0.0,0.0,0.0,0
2019-06-11,1240.0,0.0,0.0,0.0,0
2019-06-12,1240.0,0.0,0.0,0.0,0
2019-06-13,1240.0,0.0,0.0,0.0,0
2019-06-14,1240.0,0.0,0.0,0.0,0
2019-06-17,1240.0,0.0,0.0,0.0,0
2019-06-18,1240.0,0.0,0.0,0.0,0
2019-06-19,1240.0,0.0,0.0,0.0,0
2019-06-20,1240.0,0.0,0.0,0.0,0
2019-06-21,1240.0,0.0,0.0,0.0,0
2019-06-24,1240.0,0.0,0.0,0.0,0
2019-06-25,1240.0,0.0,0.0,0.0,0
2019-06-26,1240.0,0.0,0.0,0.0,0
2019-06-27,1240.0,0.0,0.0,0.0,0
2019-06-28,1240.0,0.0,0.0,0.0,0
2019-07-01,1240.0,0.0,0.0,0.0,0
2019-07-02,1240.0,0.0,0.0,0.0,0
2019-07-03,1240.0,0.0,0.0,0.0,0
2019-07-04,1240.0,0.0,0.0,0.0,0
2019-07-05,1240.0,0.0,0.0,0.0,0
2019-07-08,1240.0,0.0,0.0,0.0,0
2019-07-09,1240.0,0.0,0.0,0.0,0
2019-07-10,1240.0,0.0,0.0,0.0,0
2019-07-11,1240.0,0.0,0.0,0.0,0
2019-07-12,1240.0,0.0,0.0,0.0,0
2019-07-15,1240.0,0.0,0.0,0.0,0
2019-07-16,1240.0,0.0,0.0,0.0,0
2019-07-17,1240.0,0.0,0.0,0.0,0
2019-07-18,1240.0,0.0,0.0,0.0,0
2019-07-19,1240.0,0.0,0.0,0.0,0
2019-07-22,1240.0,0.0,0.0,0.0,0
2019-07-23,1240.0,0.0,0.0,0.0,0
2019-07-24,1240.0,0.0,0.0,0.0,0
2019-07-25,1240.0,0.0,0.0,0.0,0
2019-07-26,1240.0,0.0,0.0,0.0,0
2019-07-29,1240.0,0.0,0.0,0.0,0
2019-07-30,1240.0,0.0,0.0,0.0,0
2019-07-31,1240.0,0.0,0.0,0.0,0
2019-08-01,1240.0,0.0,0.0,0.0,0
2019-08-02,1240.0,0.0,0.0,0.0,0
2019-08-05,1240.0,0.0,0.0,0.0,0
2019-08-06,1240.0,0.0,0.0,0.0,0
2019-08-07,1240.0,0.0,0.0,0.0,0
2019-08-08,1240.0,0.0,0.0,0.0,0
2019-08-09,1240.0,0.0,0.0,0.0,0
2019-08-12,1240.0,0.0,0.0,0.0,0
2019-08-13,1240.0,0.0,0.0,0.0,0
2019-08-14,1240.0,0.0,0.0,0.0,0
2019-08-16,1240.0,0.0,0.0,0.0,0
2019-08-19,1240.0,0.0,0.0,0.0,0
2019-08-20,1240.0,0.0,0.0,0.0,0
2019-08-21,1240.0,0.0,0.0,0.0,0
2019-08-22,1240.0,0.0,0.0,0.0,0
2019-08-23,1240.0,0.0,0.0,0.0,0
2019-08-26,1240.0,0.0,0.0,0.0,0
2019-08-27,1240.0,0.0,0.0,0.0,0
2019-08-28,1240.0,0.0,0.0,0.0,0
2019-08-29,1240.0,0.0,0.0,0.0,0
2019-08-30,1240.0,0.0,0.0,0.0,0
2019-09-02,1240.0,0.0,0.0,0.0,0
2019-09-03,1240.0,0.0,0.0,0.0,0
2019-09-04,1240.0,0.0,0.0,0.0,0
2019-09-05,1240.0,0.0,0.0,0.0,0
2019-09-06,1240.0,0.0,0.0,0.0,0
2019-09-09,1240.0,0.0,0.0,0.0,0
2019-09-10,1240.0,0.0,0.0,0.0,0
2019-09-11,1240.0,0.0,0.0,0.0,0
2019-09-16,1240.0,0.0,0.0,0.0,0
2019-09-17,1240.0,0.0,0.0,0.0,0
2019-09-18,1240.0,0.0,0.0,0.0,0
2019-09-19,1240.0,0.0,0.0,0.0,0
2019-09-20,1240.0,0.0,0.0,0.0,0
2019-09-23,1240.0,0.0,0.0,0.0,0
2019-09-24,1240.0,0.0,0.0,0.0,0
2019-09-25,1240.0,0.0,0.0,0.0,0
2019-09-26,1240.0,0.0,0.0,0.0,0
2019-09-27,1240.0,0.0,0.0,0.0,0
2019-09-30,1240.0,0.0,0.0,0.0,0
2019-10-01,1240.0,0.0,0.0,0.0,0
2019-10-02,1240.0,0.0,0.0,0.0,0
2019-10-04,1240.0,0.0,0.0,0.0,0
2019-10-07,1240.0,0.0,0.0,0.0,0
2019-10-08,1240.0,0.0,0.0,0.0,0
2019-10-10,1240.0,0.0,0.0,0.0,0
2019-10-11,1240.0,0.0,0.0,0.0,0
2019-10-14,1240.0,0.0,0.0,0.0,0
2019-10-15,1240.0,0.0,0.0,0.0,0
2019-10-16,1240.0,0.0,0.0,0.0,0
2019-10-17,1240.0,0.0,0.0,0.0,0
2019-10-18,1240.0,0.0,0.0,0.0,0
2019-10-21,1240.0,0.0,0.0,0.0,0
2019-10-22,1240.0,0.0,0.0,0.0,0
2019-10-23,1240.0,0.0,0.0,0.0,0
2019-10-24,1240.0,0.0,0.0,0.0,0
2019-10-25,1240.0,0.0,0.0,0.0,0
2019-10-28,1240.0,0.0,0.0,0.0,0
2019-10-29,1240.0,0.0,0.0,0.0,0
2019-10-30,1240.0,0.0,0.0,0.0,0
2019-10-31,1240.0,0.0,0.0,0.0,0
2019-11-01,1240.0,0.0,0.0,0.0,0
2019-11-04,1240.0,0.0,0.0,0.0,0
2019-11-05,1240.0,0.0,0.0,0.0,0
2019-11-06,1240.0,0.0,0.0,0.0,0
2019-11-07,1240.0,0.0,0.0,0.0,0
2019-11-08,1240.0,0.0,0.0,0.0,0
2019-11-11,1240.0,0.0,0.0,0.0,0
2019-11-12,1240.0,0.0,0.0,0.0,0
2019-11-13,1240.0,0.0,0.0,0.0,0
2019-11-14,1240.0,0.0,0.0,0.0,0
2019-11-15,1240.0,0.0,0.0,0.0,0
2019-11-18,1240.0,0.0,0.0,0.0,0
2019-11-19,1240.0,0.0,0.0,0.0,0
2019-11-20,1240.0,0.0,0.0,0.0,0
2019-11-21,1240.0,0.0,0.0,0.0,0
2019-11-22,1240.0,0.0,0.0,0.0,0
2019-11-25,1240.0,0.0,0.0,0.0,0
2019-11-26,1240.0,0.0,0.0,0.0,0
2019-11-27,1240.0,0.0,0.0,0.0,0
2019-11-28,1240.0,0.0,0.0,0.0,0
2019-11-29,1240.0,0.0,0.0,0.0,0
2019-12-02,1240.0,0.0,0.0,0.0,0
2019-12-03,1240.0,0.0,0.0,0.0,0
2019-12-04,1240.0,0.0,0.0,0.0,0
2019-12-05,1240.0,0.0,0.0,0.0,0
2019-12-06,1240.0,0.0,0.0,0.0,0
2019-12-09,1240.0,0.0,0.0,0.0,0
2019-12-10,1240.0,0.0,0.0,0.0,0
2019-12-11,1240.0,0.0,0.0,0.0,0
2019-12-12,1240.0,0.0,0.0,0.0,0
2019-12-13,1240.0,0.0,0.0,0.0,0
2019-12-16,1240.0,0.0,0.0,0.0,0
2019-12-17,1240.0,0.0,0.0,0.0,0
2019-12-18,1240.0,0.0,0.0,0.0,0
2019-12-19,1240.0,0.0,0.0,0.0,0
2019-12-20,1240.0,0.0,0.0,0.0,0
2019-12-23,1240.0,0.0,0.0,0.0,0
2019-12-24,1240.0,0.0,0.0,0.0,0
2019-12-26,1240.0,0.0,0.0,0.0,0
2019-12-27,1240.0,0.0,0.0,0.0,0
2019-12-30,1240.0,0.0,0.0,0.0,0
2020-01-02,1240.0,0.0,0.0,0.0,0
2020-01-03,1240.0,0.0,0.0,0.0,0
2020-01-06,1240.0,0.0,0.0,0.0,0
2020-01-07,1240.0,0.0,0.0,0.0,0
2020-01-08,1240.0,0.0,0.0,0.0,0
2020-01-09,1240.0,0.0,0.0,0.0,0
2020-01-10,1240.0,0.0,0.0,0.0,0
2020-01-13,1240.0,0.0,0.0,0.0,0
2020-01-14,1240.0,0.0,0.0,0.0,0
2020-01-15,1240.0,0.0,0.0,0.0,0
2020-01-16,1240.0,0.0,0.0,0.0,0
2020-01-17,1240.0,0.0,0.0,0.0,0
2020-01-20,1240.0,0.0,0.0,0.0,0
2020-01-21,1240.0,0.0,0.0,0.0,0
2020-01-22,1240.0,0.0,0.0,0.0,0
2020-01-23,1240.0,0.0,0.0,0.0,0
2020-01-28,1240.0,0.0,0.0,0.0,0
2020-01-29,1240.0,0.0,0.0,0.0,0
2020-01-30,1240.0,0.0,0.0,0.0,0
2020-01-31,1240.0,0.0,0.0,0.0,0
2020-02-03,1240.0,0.0,0.0,0.0,0
2020-02-04,1240.0,0.0,0.0,0.0,0
2020-02-05,1240.0,0.0,0.0,0.0,0
2020-02-06,1240.0,0.0,0.0,0.0,0
2020-02-07,1240.0,0.0,0.0,0.0,0
2020-02-10,1240.0,0.0,0.0,0.0,0
2020-02-11,1240.0,0.0,0.0,0.0,0
2020-02-12,1240.0,0.0,0.0,0.0,0
2020-02-13,1240.0,0.0,0.0,0.0,0
2020-02-14,1240.0,0.0,0.0,0.0,0
2020-02-17,1240.0,0.0,0.0,0.0,0
2020-02-18,1240.0,0.0,0.0,0.0,0
2020-02-19,1240.0,0.0,0.0,0.0,0
2020-02-20,1240.0,0.0,0.0,0.0,0
2020-02-21,1240.0,0.0,0.0,0.0,0
2020-02-24,1240.0,0.0,0.0,0.0,0
2020-02-25,1240.0,0.0,0.0,0.0,0
2020-02-26,1240.0,0.0,0.0,0.0,0
2020-02-27,1240.0,0.0,0.0,0.0,0
2020-02-28,1240.0,0.0,0.0,0.0,0
2020-03-02,1240.0,0.0,0.0,0.0,0
2020-03-03,1240.0,0.0,0.0,0.0,0
2020-03-04,1240.0,0.0,0.0,0.0,0
2020-03-05,1240.0,0.0,0.0,0.0,0
2020-03-06,1240.0,0.0,0.0,0.0,0
2020-03-09,1240.0,0.0,0.0,0.0,0
2020-03-10,1240.0,0.0,0.0,0.0,0
2020-03-11,1240.0,0.0,0.0,0.0,0
2020-03-12,1240.0,0.0,0.0,0.0,0
2020-03-13,1240.0,0.0,0.0,0.0,0
2020-03-16,1240.0,0.0,0.0,0.0,0
2020-03-17,1240.0,0.0,0.0,0.0,0
2020-03-18,1240.0,0.0,0.0,0.0,0
2020-03-19,1240.0,0.0,0.0,0.0,0
2020-03-20,1240.0,0.0,0.0,0.0,0
2020-03-23,1240.0,0.0,0.0,0.0,0
2020-03-24,1240.0,0.0,0.0,0.0,0
2020-03-25,1240.0,0.0,0.0,0.0,0
2020-03-26,1240.0,0.0,0.0,0.0,0
2020-03-27,1240.0,0.0,0.0,0.0,0
2020-03-30,1240.0,0.0,0.0,0.0,0
2020-03-31,1240.0,0.0,0.0,0.0,0
2020-04-01,1240.0,0.0,0.0,0.0,0
2020-04-02,1240.0,0.0,0.0,0.0,0
2020-04-03,1240.0,0.0,0.0,0.0,0
2020-04-06,1240.0,0.0,0.0,0.0,0
2020-04-07,1240.0,0.0,0.0,0.0,0
2020-04-08,1240.0,0.0,0.0,0.0,0
2020-04-09,1240.0,0.0,0.0,0.0,0
2020-04-10,1240.0,0.0,0.0,0.0,0
2020-04-13,1240.0,0.0,0.0,0.0,0
2020-04-14,1240.0,0.0,0.0,0.0,0
2020-04-16,1240.0,0.0,0.0,0.0,0
2020-04-17,1240.0,0.0,0.0,0.0,0
2020-04-20,1240.0,0.0,0.0,0.0,0
2020-04-21,1240.0,0.0,0.0,0.0,0
2020-04-22,1240.0,0.0,0.0,0.0,0
2020-04-23,1240.0,0.0,0.0,0.0,0
2020-04-24,1240.0,0.0,0.0,0.0,0
2020-04-27,1240.0,0.0,0.0,0.0,0
2020-04-28,1240.0,0.0,0.0,0.0,0
2020-04-29,1240.0,0.0,0.0,0.0,0
2020-05-04,1240.0,0.0,0.0,0.0,0
2020-05-06,1240.0,0.0,0.0,0.0,0
2020-05-07,1240.0,0.0,0.0,0.0,0
2020-05-08,1240.0,0.0,0.0,0.0,0
2020-05-11,1240.0,0.0,0.0,0.0,0
2020-05-12,1240.0,0.0,0.0,0.0,0
2020-05-13,1240.0,0.0,0.0,0.0,0
2020-05-14,1240.0,0.0,0.0,0.0,0
2020-05-15,1240.0,0.0,0.0,0.0,0
2020-05-18,1240.0,0.0,0.0,0.0,0
2020-05-19,1240.0,0.0,0.0,0.0,0
2020-05-20,1240.0,0.0,0.0,0.0,0
2020-05-21,1240.0,0.0,0.0,0.0,0
2020-05-22,1240.0,0.0,0.0,0.0,0
2020-05-25,1240.0,0.0,0.0,0.0,0
2020-05-26,1240.0,0.0,0.0,0.0,0
2020-05-27,1240.0,0.0,0.0,0.0,0
2020-05-28,1240.0,0.0,0.0,0.0,0
2020-05-29,1240.0,0.0,0.0,0.0,0
2020-06-01,1240.0,0.0,0.0,0.0,0
2020-06-02,1240.0,0.0,0.0,0.0,0
2020-06-03,1240.0,0.0,0.0,0.0,0
2020-06-04,1240.0,0.0,0.0,0.0,0
2020-06-05,1240.0,0.0,0.0,0.0,0
2020-06-08,1240.0,0.0,0.0,0.0,0
2020-06-09,1240.0,0.0,0.0,0.0,0
2020-06-10,1240.0,0.0,0.0,0.0,0
2020-06-11,1240.0,0.0,0.0,0.0,0
2020-06-12,1240.0,0.0,0.0,0.0,0
2020-06-15,1240.0,0.0,0.0,0.0,0
2020-06-16,1240.0,0.0,0.0,0.0,0
2020-06-17,1240.0,0.0,0.0,0.0,0
2020-06-18,1240.0,0.0,0.0,0.0,0
2020-06-19,1240.0,0.0,0.0,0.0,0
2020-06-22,1240.0,0.0,0.0,0.0,0
2020-06-23,1240.0,0.0,0.0,0.0,0
2020-06-24,1240.0,0.0,0.0,0.0,0
2020-06-25,1240.0,0.0,0.0,0.0,0
2020-06-26,1240.0,0.0,0.0,0.0,0
2020-06-29,1240.0,0.0,0.0,0.0,0
2020-06-30,1240.0,0.0,0.0,0.0,0
2020-07-01,1240.0,0.0,0.0,0.0,0
2020-07-02,1240.0,0.0,0.0,0.0,0
2020-07-03,1240.0,0.0,0.0,0.0,0
2020-07-06,1240.0,0.0,0.0,0.0,0
2020-07-07,1240.0,0.0,0.0,0.0,0
2020-07-08,1240.0,0.0,0.0,0.0,0
2020-07-09,1240.0,0.0,0.0,0.0,0
2020-07-10,1240.0,0.0,0.0,0.0,0
2020-07-13,1240.0,0.0,0.0,0.0,0
2020-07-14,1240.0,0.0,0.0,0.0,0
2020-07-15,1240.0,0.0,0.0,0.0,0
2020-07-16,1240.0,0.0,0.0,0.0,0
2020-07-17,1240.0,0.0,0.0,0.0,0
2020-07-20,1240.0,0.0,0.0,0.0,0
2020-07-21,1240.0,0.0,0.0,0.0,0
2020-07-22,1240.0,0.0,0.0,0.0,0
2020-07-23,1240.0,0.0,0.0,0.0,0
2020-07-24,1240.0,0.0,0.0,0.0,0
2020-07-27,1240.0,0.0,0.0,0.0,0
2020-07-28,1240.0,0.0,0.0,0.0,0
2020-07-29,1240.0,0.0,0.0,0.0,0
2020-07-30,1240.0,0.0,0.0,0.0,0
2020-07-31,1240.0,0.0,0.0,0.0,0
2020-08-03,1240.0,0.0,0.0,0.0,0
2020-08-04,1240.0,0.0,0.0,0.0,0
2020-08-05,1240.0,0.0,0.0,0.0,0
2020-08-06,1240.0,0.0,0.0,0.0,0
2020-08-07,1240.0,0.0,0.0,0.0,0
2020-08-10,1240.0,0.0,0.0,0.0,0
2020-08-11,1240.0,0.0,0.0,0.0,0
2020-08-12,1240.0,0.0,0.0,0.0,0
2020-08-13,1240.0,0.0,0.0,0.0,0
2020-08-14,1240.0,0.0,0.0,0.0,0
2020-08-18,1240.0,0.0,0.0,0.0,0
2020-08-19,1240.0,0.0,0.0,0.0,0
2020-08-20,1240.0,0.0,0.0,0.0,0
2020-08-21,1240.0,0.0,0.0,0.0,0
2020-08-24,1240.0,0.0,0.0,0.0,0
2020-08-25,1240.0,0.0,0.0,0.0,0
2020-08-26,1240.0,0.0,0.0,0.0,0
2020-08-27,1240.0,0.0,0.0,0.0,0
2020-08-28,1240.0,0.0,0.0,0.0,0
2020-08-31,1240.0,0.0,0.0,0.0,0
2020-09-01,1240.0,0.0,0.0,0.0,0
2020-09-02,1240.0,0.0,0.0,0.0,0
2020-09-03,1240.0,0.0,0.0,0.0,0
2020-09-04,1240.0,0.0,0.0,0.0,0
2020-09-07,1240.0,0.0,0.0,0.0,0
2020-09-08,1240.0,0.0,0.0,0.0,0
2020-09-09,1240.0,0.0,0.0,0.0,0
2020-09-10,1240.0,0.0,0.0,0.0,0
2020-09-11,1240.0,0.0,0.0,0.0,0
2020-09-14,1240.0,0.0,0.0,0.0,0
2020-09-15,1240.0,0.0,0.0,0.0,0
2020-09-16,1240.0,0.0,0.0,0.0,0
2020-09-17,1240.0,0.0,0.0,0.0,0
2020-09-18,1240.0,0.0,0.0,0.0,0
2020-09-21,1240.0,0.0,0.0,0.0,0
2020-09-22,1240.0,0.0,0.0,0.0,0
2020-09-23,1240.0,0.0,0.0,0.0,0
2020-09-24,1240.0,0.0,0.0,0.0,0
2020-09-25,1240.0,0.0,0.0,0.0,0
2020-09-28,1240.0,0.0,0.0,0.0,0
2020-09-29,1240.0,0.0,0.0,0.0,0
2020-10-05,1240.0,0.0,0.0,0.0,0
2020-10-06,1240.0,0.0,0.0,0.0,0
2020-10-07,1240.0,0.0,0.0,0.0,0
2020-10-08,1240.0,0.0,0.0,0.0,0
2020-10-12,1240.0,0.0,0.0,0.0,0
2020-10-13,1240.0,0.0,0.0,0.0,0
2020-10-14,1240.0,0.0,0.0,0.0,0
2020-10-15,1240.0,0.0,0.0,0.0,0
2020-10-16,1240.0,0.0,0.0,0.0,0
2020-10-19,1240.0,0.0,0.0,0.0,0
2020-10-20,1240.0,0.0,0.0,0.0,0
2020-10-21,1240.0,0.0,0.0,0.0,0
2020-10-22,1240.0,0.0,0.0,0.0,0
2020-10-23,1240.0,0.0,0.0,0.0,0
2020-10-26,1240.0,0.0,0.0,0.0,0
2020-10-27,1240.0,0.0,0.0,0.0,0
2020-10-28,1240.0,0.0,0.0,0.0,0
2020-10-29,1240.0,0.0,0.0,0.0,0
2020-10-30,1240.0,0.0,0.0,0.0,0
2020-11-02,1240.0,0.0,0.0,0.0,0
2020-11-03,1240.0,0.0,0.0,0.0,0
2020-11-04,1240.0,0.0,0.0,0.0,0
2020-11-05,1240.0,0.0,0.0,0.0,0
2020-11-06,1240.0,0.0,0.0,0.0,0
2020-11-09,1240.0,0.0,0.0,0.0,0
2020-11-10,1240.0,0.0,0.0,0.0,0
2020-11-11,1240.0,0.0,0.0,0.0,0
2020-11-12,1240.0,0.0,0.0,0.0,0
2020-11-13,1240.0,0.0,0.0,0.0,0
2020-11-16,1240.0,0.0,0.0,0.0,0
2020-11-17,1240.0,0.0,0.0,0.0,0
2020-11-18,1240.0,0.0,0.0,0.0,0
2020-11-19,1240.0,0.0,0.0,0.0,0
2020-11-20,1240.0,0.0,0.0,0.0,0
2020-11-23,1240.0,0.0,0.0,0.0,0
2020-11-24,1240.0,0.0,0.0,0.0,0
2020-11-25,1240.0,0.0,0.0,0.0,0
2020-11-26,1240.0,0.0,0.0,0.0,0
2020-11-27,1240.0,0.0,0.0,0.0,0
2020-11-30,1240.0,0.0,0.0,0.0,0
2020-12-01,1240.0,0.0,0.0,0.0,0
2020-12-02,1240.0,0.0,0.0,0.0,0
2020-12-03,1240.0,0.0,0.0,0.0,0
2020-12-04,1240.0,0.0,0.0,0.0,0
2020-12-07,1240.0,0.0,0.0,0.0,0
2020-12-08,1240.0,0.0,0.0,0.0,0
2020-12-09,1240.0,0.0,0.0,0.0,0
2020-12-10,1240.0,0.0,0.0,0.0,0
2020-12-11,1240.0,0.0,0.0,0.0,0
2020-12-14,1240.0,0.0,0.0,0.0,0
2020-12-15,1240.0,0.0,0.0,0.0,0
2020-12-16,1240.0,0.0,0.0,0.0,0
2020-12-17,1240.0,0.0,0.0,0.0,0
2020-12-18,1240.0,0.0,0.0,0.0,0
2020-12-21,1240.0,0.0,0.0,0.0,0
2020-12-22,1240.0,0.0,0.0,0.0,0
2020-12-23,1240.0,0.0,0.0,0.0,0
2020-12-24,1240.0,0.0,0.0,0.0,0
2020-12-28,1240.0,0.0,0.0,0.0,0
2020-12-29,1240.0,0.0,0.0,0.0,0
2020-12-30,1240.0,0.0,0.0,0.0,0
2021-01-04,1240.0,0.0,0.0,0.0,0
2021-01-05,1240.0,0.0,0.0,0.0,0
2021-01-06,1240.0,0.0,0.0,0.0,0
2021-01-07,1240.0,0.0,0.0,0.0,0
2021-01-08,1240.0,0.0,0.0,0.0,0
2021-01-11,1240.0,0.0,0.0,0.0,0
2021-01-12,1240.0,0.0,0.0,0.0,0
2021-01-13,1240.0,0.0,0.0,0.0,0
2021-01-14,1240.0,0.0,0.0,0.0,0
2021-01-15,1240.0,0.0,0.0,0.0,0
2021-01-18,1240.0,0.0,0.0,0.0,0
2021-01-19,1240.0,0.0,0.0,0.0,0
2021-01-20,1240.0,0.0,0.0,0.0,0
2021-01-21,1240.0,0.0,0.0,0.0,0
2021-01-22,1240.0,0.0,0.0,0.0,0
2021-01-25,1240.0,0.0,0.0,0.0,0
2021-01-26,1240.0,0.0,0.0,0.0,0
2021-01-27,1240.0,0.0,0.0,0.0,0
2021-01-28,1240.0,0.0,0.0,0.0,0
2021-01-29,1240.0,0.0,0.0,0.0,0
2021-02-01,1240.0,0.0,0.0,0.0,0
2021-02-02,1240.0,0.0,0.0,0.0,0
2021-02-03,1240.0,0.0,0.0,0.0,0
2021-02-04,1240.0,0.0,0.0,0.0,0
2021-02-05,1240.0,0.0,0.0,0.0,0
2021-02-08,1240.0,0.0,0.0,0.0,0
2021-02-09,1240.0,0.0,0.0,0.0,0
2021-02-10,1240.0,0.0,0.0,0.0,0
2021-02-15,1240.0,0.0,0.0,0.0,0
2021-02-16,1240.0,0.0,0.0,0.0,0
2021-02-17,1240.0,0.0,0.0,0.0,0
2021-02-18,1240.0,0.0,0.0,0.0,0
2021-02-19,1240.0,0.0,0.0,0.0,0
2021-02-22,1240.0,0.0,0.0,0.0,0
2021-02-23,1240.0,0.0,0.0,0.0,0
2021-02-24,1240.0,0.0,0.0,0.0,0
2021-02-25,1240.0,0.0,0.0,0.0,0
2021-02-26,1240.0,0.0,0.0,0.0,0
2021-03-02,1240.0,0.0,0.0,0.0,0
2021-03-03,1240.0,0.0,0.0,0.0,0
2021-03-04,1240.0,0.0,0.0,0.0,0
2021-03-05,1240.0,0.0,0.0,0.0,0
2021-03-08,1240.0,0.0,0.0,0.0,0
2021-03-09,1240.0,0.0,0.0,0.0,0
2021-03-10,1240.0,0.0,0.0,0.0,0
2021-03-11,1240.0,0.0,0.0,0.0,0
2021-03-12,1240.0,0.0,0.0,0.0,0
2021-03-15,1240.0,0.0,0.0,0.0,0
2021-03-16,1240.0,0.0,0.0,0.0,0
2021-03-17,1240.0,0.0,0.0,0.0,0
2021-03-18,1240.0,0.0,0.0,0.0,0
2021-03-19,1240.0,0.0,0.0,0.0,0
2021-03-22,1240.0,0.0,0.0,0.0,0
2021-03-23,1240.0,0.0,0.0,0.0,0
2021-03-24,1240.0,0.0,0.0,0.0,0
2021-03-25,1240.0,0.0,0.0,0.0,0
2021-03-26,1240.0,0.0,0.0,0.0,0
2021-03-29,1240.0,0.0,0.0,0.0,0
2021-03-30,1240.0,0.0,0.0,0.0,0
2021-03-31,1240.0,0.0,0.0,0.0,0
2021-04-01,1240.0,0.0,0.0,0.0,0
2021-04-02,1240.0,0.0,0.0,0.0,0
2021-04-05,1240.0,0.0,0.0,0.0,0
2021-04-06,1240.0,0.0,0.0,0.0,0
2021-04-07,1240.0,0.0,0.0,0.0,0
2021-04-08,1240.0,0.0,0.0,0.0,0
2021-04-09,1240.0,0.0,0.0,0.0,0
2021-04-12,1080.0,1240.0,1240.0,1015.0,11769819
2021-04-13,1070.0,1095.0,1145.0,1055.0,2520953
2021-04-14,1080.0,1075.0,1100.0,1040.0,1795896
2021-04-15,1070.0,1095.0,1095.0,1060.0,1006008
2021-04-16,1070.0,1085.0,1095.0,1060.0,895991
2021-04-19,1070.0,1075.0,1095.0,1055.0,697178
2021-04-20,1080.0,1060.0,1080.0,1050.0,655663
2021-04-21,1070.0,1070.0,1100.0,1060.0,597516
2021-04-22,1065.0,1070.0,1080.0,1055.0,511797
2021-04-23,1090.0,1060.0,1165.0,1015.0,3565996
2021-04-26,1100.0,1080.0,1125.0,1080.0,806060
2021-04-27,1080.0,1100.0,1110.0,1070.0,726957
2021-04-28,1070.0,1090.0,1090.0,1060.0,501574
2021-04-29,1040.0,1065.0,1065.0,1035.0,532171
2021-04-30,995.0,1035.0,1085.0,991.0,1396750
2021-05-03,996.0,1000.0,1020.0,995.0,560888
2021-05-04,968.0,1000.0,1000.0,942.0,621876
2021-05-06,960.0,971.0,981.0,958.0,1138831
2021-05-07,975.0,970.0,1005.0,969.0,429935
2021-05-10,983.0,983.0,999.0,965.0,336150
2021-05-11,1010.0,989.0,1020.0,986.0,808122
2021-05-12,1020.0,1010.0,1050.0,1000.0,627556
2021-05-13,1000.0,1010.0,1030.0,995.0,338831
2021-05-14,997.0,1000.0,1025.0,996.0,268195
2021-05-17,997.0,1015.0,1015.0,993.0,197942
2021-05-18,996.0,997.0,1005.0,990.0,218950
2021-05-20,982.0,997.0,1005.0,982.0,381343
2021-05-21,986.0,982.0,992.0,977.0,157258
2021-05-24,965.0,980.0,985.0,964.0,296066
2021-05-25,970.0,963.0,972.0,961.0,242136
2021-05-26,964.0,970.0,978.0,962.0,265435
2021-05-27,960.0,967.0,968.0,955.0,305645
2021-05-28,954.0,965.0,965.0,950.0,416468
2021-05-31,951.0,951.0,960.0,948.0,237171
2021-06-01,1000.0,954.0,1030.0,947.0,1368238
2021-06-02,1005.0,995.0,1025.0,990.0,488681
2021-06-03,1010.0,1010.0,1015.0,995.0,432729
2021-06-04,1010.0,1010.0,1020.0,998.0,414604
2021-06-07,999.0,1020.0,1020.0,999.0,248547
2021-06-08,998.0,1005.0,1005.0,990.0,269537
2021-06-09,985.0,997.0,1000.0,976.0,483122
2021-06-10,977.0,985.0,987.0,965.0,359221
2021-06-11,968.0,979.0,979.0,963.0,287062
2021-06-14,985.0,970.0,998.0,970.0,225059
2021-06-15,976.0,981.0,994.0,969.0,142033
2021-06-16,975.0,976.0,986.0,971.0,230716
2021-06-17,973.0,978.0,980.0,966.0,222501
2021-06-18,971.0,973.0,978.0,964.0,297830
2021-06-21,959.0,971.0,975.0,957.0,525134
2021-06-22,960.0,961.0,974.0,958.0,276076
2021-06-23,956.0,959.0,970.0,954.0,305421
2021-06-24,971.0,955.0,1020.0,939.0,1119949
2021-06-25,964.0,971.0,975.0,964.0,333021
2021-06-28,990.0,969.0,1005.0,966.0,585275
2021-06-29,978.0,996.0,1065.0,976.0,2036243
2021-06-30,963.0,981.0,987.0,958.0,510781
2021-07-01,966.0,963.0,970.0,958.0,193645
2021-07-02,959.0,966.0,970.0,953.0,329181
2021-07-05,960.0,959.0,968.0,954.0,195560
2021-07-06,959.0,956.0,968.0,956.0,152497
2021-07-07,952.0,959.0,961.0,951.0,238041
2021-07-08,946.0,960.0,961.0,937.0,332319
2021-07-09,923.0,935.0,937.0,899.0,598677
2021-07-12,927.0,915.0,929.0,915.0,166310
2021-07-13,927.0,931.0,935.0,923.0,204659
2021-07-14,927.0,927.0,928.0,917.0,168328
2021-07-15,925.0,923.0,930.0,923.0,68492
2021-07-16,919.0,930.0,930.0,918.0,63336
2021-07-19,910.0,915.0,919.0,900.0,133993
2021-07-20,896.0,901.0,907.0,885.0,238305
2021-07-21,872.0,896.0,896.0,872.0,268032
2021-07-22,885.0,872.0,959.0,872.0,612836
2021-07-23,889.0,894.0,894.0,878.0,120844
2021-07-26,894.0,910.0,915.0,889.0,87143
2021-07-27,888.0,889.0,890.0,884.0,69311
2021-07-28,865.0,879.0,879.0,865.0,113579
2021-07-29,812.0,860.0,860.0,808.0,470243
2021-07-30,806.0,819.0,819.0,801.0,204215
2021-08-02,803.0,803.0,803.0,801.0,104386
2021-08-03,795.0,801.0,801.0,795.0,140563
2021-08-04,790.0,795.0,795.0,787.0,158483
2021-08-05,821.0,790.0,824.0,790.0,126278
2021-08-06,811.0,823.0,823.0,808.0,112710
2021-08-09,811.0,812.0,827.0,809.0,106440
2021-08-10,789.0,811.0,816.0,786.0,161363
2021-08-11,772.0,774.0,805.0,761.0,163334
2021-08-12,770.0,772.0,781.0,760.0,115279
2021-08-13,766.0,774.0,797.0,759.0,114644
2021-08-17,706.0,751.0,754.0,679.0,251850
2021-08-18,687.0,703.0,703.0,683.0,146742
2021-08-19,661.0,684.0,684.0,641.0,209002
2021-08-20,636.0,651.0,655.0,630.0,263020
2021-08-23,640.0,630.0,641.0,629.0,181778
2021-08-24,796.0,648.0,831.0,648.0,6872714
2021-08-25,737.0,809.0,809.0,733.0,847045
2021-08-26,723.0,739.0,744.0,717.0,250276
2021-08-27,730.0,727.0,769.0,723.0,262612
2021-08-30,730.0,738.0,758.0,725.0,106238
2021-08-31,730.0,730.0,742.0,730.0,181044
2021-09-01,753.0,730.0,770.0,730.0,392382
2021-09-02,741.0,757.0,765.0,730.0,230305
2021-09-03,737.0,741.0,755.0,737.0,145419
2021-09-06,729.0,742.0,744.0,703.0,142066
2021-09-07,728.0,729.0,736.0,717.0,97778
2021-09-08,706.0,728.0,728.0,705.0,159007
2021-09-09,683.0,694.0,699.0,666.0,335863
2021-09-10,673.0,678.0,699.0,666.0,145533
2021-09-13,687.0,680.0,690.0,676.0,74941
2021-09-14,850.0,687.0,885.0,687.0,5442981
2021-09-15,756.0,825.0,836.0,746.0,1317684
2021-09-16,724.0,763.0,763.0,700.0,364358
2021-09-17,780.0,750.0,906.0,740.0,10045445
2021-09-23,790.0,813.0,842.0,781.0,1307693
2021-09-24,772.0,790.0,799.0,764.0,481402
2021-09-27,755.0,778.0,779.0,752.0,474474
2021-09-28,760.0,760.0,795.0,750.0,411311
2021-09-29,745.0,760.0,760.0,725.0,242606
2021-09-30,755.0,745.0,768.0,732.0,187347
2021-10-01,737.0,765.0,765.0,736.0,330665
2021-10-05,703.0,737.0,742.0,690.0,295575
2021-10-06,690.0,703.0,716.0,687.0,205340
2021-10-07,718.0,690.0,718.0,690.0,106649
2021-10-08,763.0,743.0,860.0,733.0,2836994
2021-10-12,760.0,782.0,782.0,752.0,302991
2021-10-13,748.0,760.0,760.0,748.0,245988
2021-10-14,774.0,752.0,793.0,751.0,325138
2021-10-15,772.0,777.0,790.0,765.0,220664
2021-10-18,771.0,772.0,778.0,766.0,142478
2021-10-19,780.0,776.0,886.0,773.0,3050322
2021-10-20,778.0,786.0,791.0,777.0,160593
2021-10-21,781.0,782.0,786.0,775.0,127967
2021-10-22,773.0,781.0,783.0,769.0,178648
2021-10-25,768.0,776.0,781.0,765.0,106153
2021-10-26,771.0,768.0,787.0,768.0,72649
2021-10-27,778.0,771.0,794.0,771.0,213467
2021-10-28,783.0,782.0,816.0,779.0,257353
2021-10-29,792.0,784.0,815.0,784.0,213140
2021-11-01,803.0,791.0,813.0,778.0,268135
2021-11-02,810.0,812.0,812.0,800.0,258474
2021-11-03,773.0,812.0,812.0,773.0,155705
2021-11-04,780.0,774.0,788.0,767.0,159558
2021-11-05,805.0,780.0,809.0,780.0,406785
2021-11-08,790.0,797.0,804.0,783.0,176464
2021-11-09,821.0,790.0,848.0,787.0,690180
2021-11-10,826.0,821.0,853.0,821.0,304283
2021-11-11,791.0,808.0,813.0,791.0,250700
2021-11-12,780.0,784.0,791.0,779.0,139626
2021-11-15,785.0,780.0,800.0,780.0,164599
2021-11-16,756.0,785.0,799.0,755.0,516438
2021-11-17,764.0,757.0,772.0,752.0,294042
2021-11-18,759.0,764.0,774.0,756.0,165431
2021-11-19,764.0,757.0,766.0,751.0,171019
2021-11-22,750.0,764.0,764.0,745.0,152184
2021-11-23,732.0,748.0,750.0,731.0,154506
2021-11-24,733.0,725.0,810.0,723.0,1110302
2021-11-25,730.0,733.0,735.0,722.0,128238
2021-11-26,732.0,730.0,743.0,726.0,100369
2021-11-29,708.0,705.0,720.0,691.0,146464
2021-11-30,685.0,703.0,708.0,685.0,229697
2021-12-01,700.0,679.0,700.0,663.0,188221
2021-12-02,704.0,700.0,769.0,694.0,1090879
2021-12-03,706.0,711.0,718.0,705.0,132919
2021-12-06,716.0,706.0,720.0,706.0,78413
2021-12-07,712.0,717.0,723.0,710.0,88909
2021-12-08,713.0,713.0,720.0,707.0,140965
2021-12-09,720.0,721.0,721.0,712.0,32141
2021-12-10,711.0,720.0,722.0,711.0,60461
2021-12-13,710.0,711.0,717.0,707.0,55855
2021-12-14,707.0,706.0,713.0,703.0,100622
2021-12-15,701.0,703.0,707.0,700.0,56796
2021-12-16,691.0,701.0,701.0,689.0,108536
2021-12-17,699.0,691.0,700.0,685.0,74214
2021-12-20,680.0,692.0,692.0,677.0,76831
2021-12-21,684.0,676.0,684.0,672.0,166419
2021-12-22,686.0,684.0,707.0,684.0,45130
2021-12-23,682.0,693.0,705.0,682.0,83475
2021-12-24,694.0,685.0,705.0,685.0,71409
2021-12-27,685.0,694.0,702.0,684.0,89635
2021-12-28,685.0,691.0,700.0,684.0,97370
2021-12-29,690.0,681.0,727.0,681.0,266253
2021-12-30,695.0,696.0,705.0,687.0,41426
2022-01-03,697.0,695.0,701.0,691.0,30983
2022-01-04,691.0,697.0,702.0,688.0,124614
2022-01-05,688.0,697.0,697.0,685.0,138356
2022-01-06,687.0,682.0,688.0,681.0,70817
2022-01-07,688.0,682.0,693.0,682.0,122380
2022-01-10,692.0,695.0,700.0,688.0,74226
2022-01-11,682.0,685.0,692.0,681.0,48096
2022-01-12,668.0,682.0,685.0,650.0,155088
2022-01-13,667.0,671.0,675.0,667.0,91238
2022-01-14,668.0,667.0,669.0,662.0,25928
2022-01-17,646.0,666.0,666.0,640.0,134080
2022-01-18,653.0,646.0,663.0,640.0,111609
2022-01-19,645.0,644.0,651.0,638.0,34390
2022-01-20,643.0,643.0,644.0,639.0,48005
2022-01-21,644.0,647.0,651.0,643.0,75792
2022-01-24,614.0,644.0,700.0,600.0,403175
2022-01-25,588.0,614.0,614.0,580.0,150760
2022-01-26,592.0,588.0,594.0,585.0,48022
2022-01-27,571.0,592.0,592.0,571.0,126559
2022-01-28,585.0,571.0,589.0,525.0,182313
2022-02-03,603.0,600.0,604.0,593.0,98076
2022-02-04,619.0,610.0,625.0,610.0,68588
2022-02-07,624.0,626.0,643.0,619.0,69810
2022-02-08,619.0,625.0,632.0,618.0,53836
2022-02-09,611.0,619.0,625.0,590.0,93652
2022-02-10,649.0,613.0,717.0,609.0,1692476
2022-02-11,645.0,644.0,679.0,643.0,198605
2022-02-14,617.0,632.0,632.0,610.0,118054
2022-02-15,606.0,617.0,618.0,605.0,149467
2022-02-16,640.0,609.0,640.0,609.0,71500
2022-02-17,636.0,642.0,653.0,634.0,85796
2022-02-18,631.0,627.0,648.0,627.0,39322
2022-02-21,636.0,631.0,648.0,625.0,44767
2022-02-22,628.0,636.0,643.0,628.0,41495
2022-02-23,633.0,622.0,633.0,618.0,90498
2022-02-24,618.0,633.0,715.0,615.0,915044
2022-02-25,624.0,618.0,637.0,615.0,83981
2022-02-28,638.0,625.0,643.0,624.0,61641
2022-03-02,639.0,635.0,647.0,632.0,110668
2022-03-03,647.0,639.0,660.0,639.0,44870
2022-03-04,651.0,655.0,686.0,647.0,98042
2022-03-07,635.0,651.0,655.0,634.0,54115
2022-03-08,625.0,621.0,628.0,615.0,78333
2022-03-10,637.0,621.0,637.0,617.0,110906
2022-03-11,641.0,644.0,644.0,631.0,89302
2022-03-14,628.0,641.0,650.0,625.0,46261
2022-03-15,630.0,622.0,633.0,622.0,42992
2022-03-16,639.0,628.0,676.0,622.0,177309
2022-03-17,647.0,646.0,655.0,633.0,116207
2022-03-18,654.0,655.0,660.0,638.0,123557
2022-03-21,685.0,654.0,762.0,648.0,1772965
2022-03-22,710.0,685.0,789.0,685.0,1552420
2022-03-23,720.0,713.0,738.0,695.0,209162
2022-03-24,936.0,722.0,936.0,722.0,11344566
2022-03-25,887.0,1005.0,1200.0,848.0,47860486
2022-03-28,790.0,891.0,891.0,780.0,5839831
2022-03-29,775.0,800.0,800.0,762.0,2184811
2022-03-30,795.0,782.0,858.0,776.0,9163846
2022-03-31,748.0,800.0,802.0,746.0,2132741
2022-04-01,729.0,748.0,757.0,722.0,1607737
2022-04-04,728.0,720.0,728.0,670.0,1057369
2022-04-05,724.0,718.0,731.0,703.0,856630
2022-04-06,734.0,724.0,734.0,718.0,690327
2022-04-07,716.0,728.0,735.0,709.0,464193
2022-04-08,700.0,716.0,716.0,692.0,486267
2022-04-11,695.0,696.0,699.0,681.0,221238
2022-04-12,684.0,689.0,690.0,666.0,595145
2022-04-13,697.0,680.0,697.0,678.0,263818
2022-04-14,707.0,701.0,710.0,697.0,246490
2022-04-15,707.0,714.0,714.0,705.0,179237
2022-04-18,718.0,706.0,718.0,701.0,205423
2022-04-19,725.0,715.0,726.0,709.0,301921
2022-04-20,724.0,730.0,730.0,720.0,259071
2022-04-21,725.0,725.0,727.0,719.0,131231
2022-04-22,726.0,727.0,733.0,720.0,288975
2022-04-25,707.0,719.0,723.0,705.0,219122
2022-04-26,719.0,707.0,721.0,705.0,192259
2022-04-27,714.0,719.0,719.0,690.0,212146
2022-04-28,714.0,713.0,720.0,702.0,211271
2022-04-29,712.0,714.0,719.0,710.0,258046
2022-05-02,717.0,712.0,718.0,703.0,127470
2022-05-03,721.0,724.0,729.0,708.0,177055
2022-05-04,719.0,721.0,726.0,711.0,220730
2022-05-06,714.0,719.0,719.0,704.0,121057
2022-05-09,700.0,714.0,714.0,699.0,89811
2022-05-10,678.0,693.0,693.0,669.0,189576
2022-05-11,680.0,678.0,680.0,670.0,250444
2022-05-12,664.0,699.0,699.0,652.0,315754
2022-05-13,664.0,662.0,664.0,654.0,150649
2022-05-16,675.0,668.0,679.0,666.0,85171
2022-05-17,691.0,680.0,707.0,680.0,100908
2022-05-18,696.0,692.0,700.0,690.0,200528
2022-05-19,690.0,694.0,694.0,670.0,143308
2022-05-20,696.0,691.0,709.0,680.0,145181
2022-05-23,694.0,696.0,696.0,683.0,58073
2022-05-24,693.0,694.0,699.0,656.0,88372
2022-05-25,688.0,693.0,695.0,686.0,56573
2022-05-26,684.0,688.0,688.0,671.0,85732
2022-05-27,685.0,684.0,689.0,676.0,89709
2022-05-30,688.0,689.0,691.0,679.0,80683
2022-05-31,691.0,695.0,695.0,684.0,88855
2022-06-02,698.0,696.0,705.0,693.0,141230
2022-06-03,699.0,698.0,704.0,692.0,56604
2022-06-07,688.0,699.0,701.0,675.0,112114
2022-06-08,684.0,679.0,685.0,679.0,60234
2022-06-09,678.0,684.0,684.0,672.0,84321
2022-06-10,673.0,682.0,684.0,669.0,78219
2022-06-13,649.0,652.0,665.0,627.0,122198
2022-06-14,609.0,625.0,639.0,606.0,307142
2022-06-15,600.0,609.0,609.0,580.0,244777
2022-06-16,598.0,596.0,624.0,580.0,159009
2022-06-17,587.0,582.0,599.0,551.0,145564
2022-06-20,539.0,581.0,583.0,533.0,218124
2022-06-21,542.0,559.0,559.0,531.0,127890
2022-06-22,538.0,548.0,551.0,525.0,260615
2022-06-23,512.0,538.0,538.0,500.0,201189
2022-06-24,534.0,512.0,534.0,512.0,72812
2022-06-27,558.0,562.0,562.0,545.0,68715
2022-06-28,564.0,561.0,567.0,551.0,209538
2022-06-29,563.0,564.0,566.0,557.0,96898
2022-06-30,556.0,563.0,570.0,527.0,98050
2022-07-01,545.0,538.0,547.0,523.0,248578
2022-07-04,529.0,538.0,538.0,519.0,79227
2022-07-05,526.0,523.0,549.0,521.0,180692
2022-07-06,536.0,546.0,546.0,531.0,68459
2022-07-07,535.0,542.0,570.0,533.0,109768
2022-07-08,549.0,541.0,560.0,541.0,42815
2022-07-11,546.0,551.0,560.0,546.0,64115
2022-07-12,552.0,546.0,552.0,532.0,52344
2022-07-13,548.0,552.0,552.0,539.0,66174
2022-07-14,561.0,554.0,570.0,552.0,110036
2022-07-15,561.0,551.0,565.0,522.0,469365
2022-07-18,546.0,567.0,568.0,540.0,130613
2022-07-19,547.0,546.0,562.0,546.0,73000
2022-07-20,561.0,552.0,571.0,552.0,102270
2022-07-21,563.0,564.0,578.0,557.0,146963
2022-07-22,550.0,563.0,567.0,544.0,82325
2022-07-25,551.0,554.0,554.0,545.0,24120
2022-07-26,555.0,554.0,556.0,550.0,61590
2022-07-27,524.0,531.0,537.0,515.0,756339
2022-07-28,519.0,530.0,530.0,519.0,310900
2022-07-29,519.0,519.0,521.0,514.0,157277
2022-08-01,512.0,519.0,524.0,511.0,364805
2022-08-02,516.0,512.0,519.0,510.0,179218
2022-08-03,520.0,511.0,520.0,511.0,153235
2022-08-04,515.0,521.0,526.0,511.0,116013
2022-08-05,518.0,521.0,521.0,514.0,136721
2022-08-08,522.0,550.0,550.0,515.0,180904
2022-08-09,523.0,522.0,526.0,520.0,120333
2022-08-10,521.0,525.0,525.0,513.0,89387
2022-08-11,516.0,517.0,521.0,515.0,102773
2022-08-12,512.0,520.0,520.0,512.0,78672
2022-08-16,513.0,517.0,517.0,510.0,144115
2022-08-17,511.0,513.0,517.0,510.0,80276
2022-08-18,520.0,505.0,524.0,500.0,312215
2022-08-19,531.0,520.0,561.0,520.0,700655
2022-08-22,527.0,531.0,550.0,524.0,263203
2022-08-23,531.0,526.0,537.0,512.0,155278
2022-08-24,524.0,531.0,546.0,520.0,263300
2022-08-25,534.0,535.0,537.0,524.0,91034
2022-08-26,533.0,529.0,544.0,529.0,72334
2022-08-29,492.0,526.0,528.0,490.0,528700
2022-08-30,497.0,491.0,497.0,489.0,133280
2022-08-31,498.0,500.0,508.0,493.0,136176
2022-09-01,497.0,503.0,511.0,494.0,114636
2022-09-02,499.0,492.0,500.0,491.0,97496
2022-09-05,503.0,496.0,504.0,494.0,91071
2022-09-06,492.0,497.0,498.0,490.0,121419
2022-09-07,490.0,492.0,510.0,489.0,112219
2022-09-08,491.0,490.0,509.0,488.0,97041
2022-09-13,506.0,499.0,515.0,499.0,53280
2022-09-14,505.0,501.0,510.0,501.0,80946
2022-09-15,505.0,505.0,510.0,505.0,50222
2022-09-16,495.0,500.0,505.0,495.0,56667
2022-09-19,494.0,495.0,504.0,491.0,91546
2022-09-20,494.0,493.0,537.0,492.0,322481
2022-09-21,524.0,499.0,540.0,499.0,276281
2022-09-22,510.0,517.0,517.0,499.0,166030
2022-09-23,508.0,504.0,510.0,494.0,98416
2022-09-26,491.0,503.0,503.0,484.0,154732
2022-09-27,472.0,488.0,488.0,457.0,161247
2022-09-28,452.0,460.0,460.0,441.0,138301
2022-09-29,443.0,441.0,465.0,441.0,139536
2022-09-30,444.0,442.0,449.0,415.0,77826
2022-10-04,445.0,444.0,458.0,439.0,141463
2022-10-05,459.0,453.0,472.0,450.0,155849
2022-10-06,462.0,459.0,477.0,459.0,67201
2022-10-07,553.0,476.0,598.0,465.0,12157774
2022-10-11,512.0,553.0,553.0,500.0,1825957
2022-10-12,574.0,500.0,608.0,486.0,10044106
2022-10-13,560.0,590.0,672.0,527.0,11860047
2022-10-14,530.0,555.0,620.0,527.0,4768014
2022-10-17,525.0,530.0,556.0,520.0,710450
2022-10-18,570.0,525.0,576.0,525.0,2354934
2022-10-19,597.0,569.0,620.0,562.0,2410660
2022-10-20,569.0,594.0,619.0,565.0,1164535
2022-10-21,526.0,563.0,569.0,524.0,780087
2022-10-24,615.0,527.0,672.0,527.0,14618792
2022-10-25,627.0,621.0,737.0,606.0,15303591
2022-10-26,571.0,627.0,657.0,565.0,5981459
2022-10-27,604.0,574.0,644.0,574.0,3569476
2022-10-28,621.0,608.0,666.0,595.0,4870037
2022-10-31,627.0,618.0,642.0,613.0,1068500
2022-11-01,626.0,627.0,631.0,616.0,559687
2022-11-02,598.0,626.0,626.0,591.0,578770
2022-11-03,604.0,593.0,616.0,577.0,467500
2022-11-04,590.0,600.0,603.0,585.0,334853
2022-11-07,610.0,590.0,616.0,560.0,612561
2022-11-08,606.0,606.0,620.0,605.0,174383
2022-11-09,606.0,606.0,616.0,600.0,356351
2022-11-10,610.0,598.0,618.0,598.0,293151
2022-11-11,582.0,605.0,614.0,578.0,606623
2022-11-14,610.0,582.0,620.0,582.0,478370
2022-11-15,614.0,610.0,618.0,600.0,363475
2022-11-16,618.0,620.0,628.0,608.0,610563
2022-11-17,612.0,617.0,617.0,600.0,484334
2022-11-18,613.0,612.0,618.0,600.0,331277
2022-11-21,635.0,613.0,651.0,604.0,1465704
2022-11-22,638.0,632.0,655.0,627.0,848808
2022-11-23,636.0,636.0,642.0,629.0,413564
2022-11-24,680.0,636.0,680.0,632.0,926627
2022-11-25,681.0,680.0,685.0,658.0,493870
2022-11-28,642.0,681.0,684.0,639.0,326514
2022-11-29,680.0,642.0,680.0,630.0,437454
2022-11-30,679.0,685.0,688.0,664.0,324904
2022-12-01,689.0,679.0,691.0,670.0,455448
2022-12-02,679.0,689.0,695.0,657.0,463260
2022-12-05,680.0,672.0,690.0,666.0,264462
2022-12-06,659.0,680.0,687.0,658.0,374202
2022-12-07,628.0,659.0,659.0,613.0,633257
2022-12-08,604.0,627.0,627.0,594.0,323777
2022-12-09,611.0,604.0,617.0,585.0,349824
2022-12-12,615.0,625.0,625.0,605.0,162353
2022-12-13,603.0,608.0,608.0,592.0,252939
2022-12-14,607.0,603.0,608.0,598.0,128728
2022-12-15,614.0,607.0,619.0,607.0,110141
2022-12-16,605.0,612.0,613.0,593.0,140287
2022-12-19,602.0,603.0,603.0,582.0,202862
2022-12-20,567.0,600.0,600.0,567.0,266764
2022-12-21,564.0,563.0,567.0,550.0,191722
2022-12-22,588.0,564.0,596.0,560.0,284448
2022-12-23,571.0,591.0,598.0,562.0,194177
2022-12-26,543.0,552.0,564.0,540.0,188194
2022-12-27,543.0,538.0,543.0,526.0,256106
2022-12-28,546.0,546.0,553.0,543.0,123893
2022-12-29,517.0,543.0,544.0,501.0,252409
2023-01-02,526.0,515.0,529.0,511.0,148245
2023-01-03,520.0,522.0,522.0,492.0,196072
2023-01-04,517.0,520.0,527.0,515.0,78154
2023-01-05,518.0,523.0,545.0,517.0,148559
2023-01-06,514.0,518.0,523.0,510.0,162255
2023-01-09,560.0,515.0,613.0,515.0,4274952
2023-01-10,585.0,564.0,600.0,555.0,769989
2023-01-11,578.0,587.0,600.0,578.0,261954
2023-01-12,615.0,578.0,624.0,578.0,710579
2023-01-13,635.0,615.0,640.0,600.0,526123
2023-01-16,620.0,635.0,645.0,606.0,98583
2023-01-17,613.0,620.0,620.0,609.0,110011
2023-01-18,612.0,613.0,613.0,590.0,121502
2023-01-19,603.0,605.0,612.0,593.0,38251
2023-01-20,601.0,603.0,618.0,601.0,97898
2023-01-25,601.0,601.0,610.0,598.0,55531
2023-01-26,607.0,602.0,616.0,601.0,115900
2023-01-27,606.0,608.0,625.0,600.0,213611
2023-01-30,610.0,613.0,622.0,595.0,166989
2023-01-31,586.0,603.0,610.0,582.0,150837
2023-02-01,603.0,587.0,609.0,587.0,110162
2023-02-02,604.0,603.0,610.0,598.0,193557
2023-02-03,607.0,619.0,619.0,598.0,139808
2023-02-06,595.0,607.0,607.0,591.0,152068
2023-02-07,588.0,595.0,597.0,588.0,86252
2023-02-08,572.0,590.0,594.0,572.0,197980
2023-02-09,582.0,572.0,588.0,568.0,133274
2023-02-10,586.0,582.0,617.0,570.0,386217
2023-02-13,568.0,587.0,593.0,568.0,269364
2023-02-14,556.0,568.0,586.0,553.0,353887
2023-02-15,544.0,558.0,562.0,543.0,337360
2023-02-16,555.0,540.0,556.0,532.0,141359
2023-02-17,550.0,560.0,560.0,550.0,104354
2023-02-20,555.0,550.0,555.0,545.0,111432
2023-02-21,562.0,566.0,579.0,557.0,92668
2023-02-22,546.0,562.0,566.0,546.0,137825
2023-02-23,551.0,540.0,552.0,535.0,166427
2023-02-24,538.0,552.0,556.0,535.0,141928
2023-02-27,534.0,537.0,543.0,527.0,174367
2023-02-28,550.0,534.0,550.0,533.0,96509
2023-03-02,558.0,550.0,578.0,550.0,122569
2023-03-03,561.0,558.0,567.0,548.0,172008
2023-03-06,559.0,562.0,572.0,557.0,98372
2023-03-07,547.0,559.0,564.0,539.0,186277
2023-03-08,543.0,547.0,550.0,539.0,37643
2023-03-09,532.0,543.0,544.0,526.0,100237
2023-03-10,512.0,532.0,532.0,510.0,194409
2023-03-13,506.0,506.0,506.0,495.0,105556
2023-03-14,497.0,504.0,506.0,491.0,143112
2023-03-15,499.0,497.0,502.0,475.0,167826
2023-03-16,506.0,499.0,509.0,499.0,157291
2023-03-17,528.0,509.0,540.0,509.0,171511
2023-03-20,532.0,531.0,535.0,523.0,159596
2023-03-21,532.0,532.0,539.0,531.0,65564
2023-03-22,526.0,532.0,539.0,516.0,96105
2023-03-23,499.0,526.0,526.0,474.0,281035
2023-03-24,504.0,499.0,508.0,495.0,112939
2023-03-27,504.0,508.0,513.0,499.0,118255
2023-03-28,502.0,504.0,506.0,497.0,123180
2023-03-29,514.0,501.0,519.0,497.0,131693
2023-03-30,520.0,514.0,539.0,506.0,265970
2023-03-31,523.0,520.0,525.0,506.0,172731
2023-04-03,541.0,523.0,573.0,523.0,977224
2023-04-04,543.0,544.0,564.0,541.0,220697
2023-04-05,549.0,544.0,560.0,544.0,148851
2023-04-06,556.0,549.0,556.0,527.0,117123
2023-04-07,560.0,556.0,563.0,552.0,96567
2023-04-10,526.0,551.0,554.0,525.0,317312
2023-04-11,544.0,526.0,546.0,520.0,179084
2023-04-12,543.0,544.0,547.0,534.0,161183
2023-04-13,540.0,543.0,547.0,534.0,104653
2023-04-14,535.0,540.0,544.0,529.0,123824
2023-04-17,539.0,535.0,555.0,534.0,326978
2023-04-18,549.0,543.0,552.0,539.0,365812
2023-04-19,551.0,549.0,554.0,545.0,346596
2023-04-20,533.0,551.0,568.0,525.0,261835
2023-04-21,530.0,532.0,532.0,511.0,579126
2023-04-24,524.0,525.0,526.0,506.0,129285
2023-04-25,518.0,524.0,524.0,510.0,170593
2023-04-26,519.0,518.0,521.0,506.0,178857
2023-04-27,516.0,519.0,519.0,502.0,185092
2023-04-28,517.0,516.0,521.0,513.0,162399
2023-05-02,672.0,527.0,672.0,527.0,10511344
2023-05-03,598.0,660.0,680.0,590.0,11946874
2023-05-04,580.0,592.0,620.0,571.0,2074409
2023-05-08,576.0,586.0,587.0,564.0,797870
2023-05-09,553.0,574.0,574.0,542.0,743874
2023-05-10,560.0,547.0,560.0,541.0,444138
2023-05-11,573.0,562.0,589.0,557.0,759502
2023-05-12,573.0,573.0,584.0,561.0,421130
2023-05-15,588.0,573.0,627.0,568.0,2515563
2023-05-16,607.0,598.0,620.0,575.0,774169
2023-05-17,611.0,610.0,620.0,590.0,643621
2023-05-18,613.0,615.0,617.0,598.0,351620
2023-05-19,600.0,615.0,617.0,592.0,333531
2023-05-22,599.0,604.0,606.0,587.0,301784
2023-05-23,607.0,599.0,615.0,599.0,550294
2023-05-24,603.0,612.0,615.0,594.0,323456
2023-05-25,592.0,603.0,609.0,592.0,215426
2023-05-26,598.0,596.0,602.0,589.0,182765
2023-05-30,606.0,598.0,608.0,590.0,206831
2023-05-31,600.0,606.0,609.0,598.0,188264
2023-06-01,602.0,600.0,611.0,596.0,192283
2023-06-02,595.0,602.0,602.0,585.0,290849
2023-06-05,585.0,595.0,600.0,575.0,194464
2023-06-07,583.0,585.0,588.0,574.0,160846
2023-06-08,579.0,583.0,587.0,569.0,184726
2023-06-09,585.0,576.0,588.0,575.0,207943
2023-06-12,586.0,590.0,590.0,580.0,149979
2023-06-13,577.0,583.0,591.0,569.0,353109
2023-06-14,544.0,577.0,578.0,534.0,1047184
2023-06-15,533.0,539.0,546.0,530.0,280493
2023-06-16,526.0,539.0,551.0,526.0,499678
2023-06-19,536.0,529.0,537.0,528.0,112782
2023-06-20,564.0,536.0,640.0,536.0,5772791
2023-06-21,564.0,564.0,575.0,559.0,274118
2023-06-22,563.0,559.0,575.0,553.0,305030
2023-06-23,551.0,563.0,563.0,545.0,168777
2023-06-26,546.0,551.0,552.0,539.0,252632
2023-06-27,563.0,551.0,576.0,549.0,270935
2023-06-28,561.0,563.0,568.0,549.0,161002
2023-06-29,566.0,561.0,590.0,549.0,256615
2023-06-30,560.0,565.0,565.0,555.0,104936
2023-07-03,566.0,560.0,567.0,555.0,162561
2023-07-04,572.0,566.0,581.0,566.0,340928
2023-07-05,568.0,572.0,576.0,564.0,160128
2023-07-06,553.0,568.0,568.0,535.0,266126
2023-07-07,543.0,548.0,548.0,533.0,130233
2023-07-10,537.0,536.0,541.0,522.0,101041
2023-07-11,530.0,533.0,533.0,516.0,184073
2023-07-12,536.0,531.0,537.0,527.0,156533
2023-07-13,544.0,542.0,549.0,536.0,59118
2023-07-14,537.0,547.0,547.0,534.0,104965
2023-07-17,529.0,539.0,539.0,504.0,104548
2023-07-18,520.0,526.0,529.0,518.0,154324
2023-07-19,521.0,523.0,528.0,511.0,243461
2023-07-20,527.0,521.0,530.0,516.0,139178
2023-07-21,529.0,521.0,537.0,516.0,132251
2023-07-24,522.0,529.0,534.0,515.0,156764
2023-07-25,519.0,522.0,535.0,512.0,139736
2023-07-26,505.0,519.0,521.0,496.0,331579
2023-07-27,505.0,500.0,511.0,492.0,119546
2023-07-28,512.0,505.0,515.0,500.0,113176
2023-07-31,519.0,513.0,523.0,512.0,124779
2023-08-01,520.0,520.0,532.0,516.0,175456
2023-08-02,506.0,519.0,519.0,501.0,197314
2023-08-03,500.0,506.0,506.0,494.0,195855
2023-08-04,500.0,500.0,508.0,496.0,121063
2023-08-07,518.0,501.0,524.0,501.0,139358
2023-08-08,511.0,514.0,514.0,505.0,91543
2023-08-09,517.0,511.0,518.0,502.0,103738
2023-08-10,521.0,522.0,525.0,511.0,91804
2023-08-11,520.0,515.0,521.0,511.0,82255
2023-08-14,512.0,520.0,520.0,511.0,99824
2023-08-16,502.0,511.0,511.0,499.0,234560
2023-08-17,496.0,502.0,502.0,490.0,228137
2023-08-18,496.0,492.0,498.0,481.0,384386
2023-08-21,507.0,494.0,507.0,493.0,134925
2023-08-22,510.0,509.0,511.0,502.0,110045
2023-08-23,508.0,510.0,512.0,505.0,94475
2023-08-24,505.0,507.0,509.0,501.0,85410
2023-08-25,506.0,505.0,508.0,497.0,77404
2023-08-28,514.0,506.0,524.0,502.0,249656
2023-08-29,530.0,514.0,535.0,514.0,234034
2023-08-30,534.0,530.0,539.0,524.0,167048
2023-08-31,534.0,534.0,540.0,531.0,136287
2023-09-01,536.0,534.0,543.0,533.0,205315
2023-09-04,526.0,532.0,537.0,499.0,266480
2023-09-05,526.0,523.0,531.0,505.0,139591
2023-09-06,528.0,526.0,530.0,522.0,126195
2023-09-07,547.0,537.0,559.0,531.0,605967
2023-09-08,595.0,549.0,598.0,549.0,1412968
2023-09-11,600.0,596.0,617.0,577.0,738973
2023-09-12,604.0,600.0,608.0,595.0,309543
2023-09-13,617.0,604.0,620.0,598.0,377311
2023-09-14,618.0,611.0,621.0,606.0,344983
2023-09-15,619.0,618.0,670.0,617.0,837121
2023-09-18,649.0,620.0,665.0,620.0,589072
2023-09-19,686.0,663.0,693.0,663.0,1104543
2023-09-20,716.0,683.0,785.0,680.0,4123455
2023-09-21,810.0,714.0,855.0,699.0,6049494
2023-09-22,951.0,800.0,1024.0,793.0,8067857
2023-09-25,1150.0,951.0,1236.0,951.0,8506903
2023-09-26,1160.0,1116.0,1192.0,950.0,4254188
2023-09-27,1145.0,995.0,1253.0,995.0,1542453
2023-10-04,1340.0,1100.0,1385.0,1100.0,3102770
2023-10-05,1295.0,1390.0,1415.0,1252.0,2145392
2023-10-06,1364.0,1320.0,1377.0,1250.0,1399526
2023-10-10,1432.0,1368.0,1456.0,1364.0,2722562
2023-10-11,1422.0,1432.0,1500.0,1350.0,1707103
2023-10-12,1758.0,1410.0,1800.0,1410.0,4281000
2023-10-13,1764.0,1758.0,1930.0,1626.0,4273388
2023-10-16,1851.0,1773.0,2075.0,1680.0,2959301
2023-10-17,1862.0,1840.0,1969.0,1795.0,924986
2023-10-18,1924.0,2015.0,2095.0,1832.0,3662642
2023-10-19,1947.0,1868.0,1993.0,1868.0,1042594
2023-10-20,1580.0,1947.0,1955.0,1551.0,2856343
2023-10-23,1106.0,1487.0,1580.0,1106.0,10940119
2023-10-24,1154.0,1011.0,1200.0,911.0,8099365
2023-10-25,1351.0,1150.0,1458.0,1138.0,7131516
2023-10-26,1564.0,1378.0,1600.0,1356.0,7092153
2023-10-27,1606.0,1600.0,1750.0,1391.0,5679256
2023-10-30,1944.0,1649.0,1948.0,1649.0,7036485
2023-10-31,2085.0,1977.0,2165.0,1859.0,8187016
2023-11-01,2130.0,2085.0,2275.0,2015.0,4682596
2023-11-02,2765.0,2765.0,2765.0,2320.0,21715819
2023-11-03,3590.0,3225.0,3590.0,3080.0,25225069
2023-11-06,3425.0,3050.0,4095.0,2915.0,41128401
2023-11-07,3510.0,3530.0,3665.0,2865.0,23502055
2023-11-08,3410.0,3560.0,3835.0,3365.0,15429624
2023-11-09,3345.0,3300.0,3470.0,3065.0,9042939
2023-11-10,3610.0,3215.0,3795.0,3085.0,15485501
2023-11-13,3610.0,0.0,0.0,0.0,0
2023-11-14,3395.0,3880.0,4250.0,3285.0,23496880
2023-11-15,3190.0,3350.0,3505.0,2765.0,18028666
2023-11-16,3240.0,3350.0,3610.0,3020.0,16850884
2023-11-17,3035.0,3240.0,3240.0,2920.0,7675445
2023-11-20,2835.0,2915.0,2965.0,2780.0,5070018
2023-11-21,2890.0,2850.0,3400.0,2605.0,25290047
2023-11-22,2795.0,2825.0,3040.0,2720.0,7858576
2023-11-23,2880.0,2795.0,3025.0,2750.0,6098260
2023-11-24,2835.0,2860.0,2970.0,2800.0,2801244
2023-11-27,2660.0,2870.0,2900.0,2645.0,3652388
2023-11-28,2300.0,2710.0,2780.0,1865.0,113568081
2023-11-29,2005.0,2225.0,2425.0,2005.0,24637287
2023-11-30,2270.0,1968.0,2410.0,1911.0,37777697
2023-12-01,2090.0,2170.0,2245.0,2025.0,11357344
2023-12-04,2195.0,2080.0,2270.0,2025.0,10251229
2023-12-05,2130.0,2175.0,2260.0,2100.0,6286903
2023-12-06,2015.0,2025.0,2180.0,1940.0,8065577
2023-12-07,1919.0,2085.0,2110.0,1730.0,6097259
2023-12-08,2100.0,1820.0,2180.0,1820.0,11185618
2023-12-11,2730.0,2295.0,2730.0,2210.0,42617009
2023-12-12,2655.0,2550.0,3065.0,2300.0,70064416
2023-12-13,2365.0,2655.0,2750.0,2285.0,22710539
2023-12-14,2200.0,2365.0,2500.0,2130.0,28424509
2023-12-15,2860.0,2140.0,2860.0,2080.0,89812178
2023-12-18,2700.0,2780.0,2950.0,2620.0,48099726
2023-12-19,2730.0,2645.0,2890.0,2540.0,31095286
2023-12-20,2480.0,2760.0,2770.0,2430.0,19230476
2023-12-21,2415.0,2580.0,2620.0,2325.0,16844105
2023-12-22,2110.0,2140.0,2315.0,2005.0,19451209
2023-12-26,2005.0,2195.0,2220.0,2005.0,8478164
2023-12-27,2025.0,2005.0,2095.0,1903.0,7243007
2023-12-28,1985.0,2030.0,2045.0,1965.0,3932846
2024-01-02,1927.0,1985.0,1995.0,1924.0,3320532
2024-01-03,1962.0,1923.0,2160.0,1851.0,15023903
2024-01-04,2220.0,1962.0,2445.0,1922.0,46844756
2024-01-05,2040.0,2140.0,2160.0,2015.0,10968074
2024-01-08,2230.0,2105.0,2385.0,2060.0,27822066
2024-01-09,2125.0,2150.0,2260.0,2080.0,7671218
2024-01-10,2035.0,2135.0,2135.0,1975.0,5156725
2024-01-11,2050.0,2035.0,2120.0,1984.0,3579306
2024-01-12,1995.0,2030.0,2040.0,1985.0,2461493
2024-01-15,2060.0,1988.0,2185.0,1930.0,7889878
2024-01-16,2130.0,2045.0,2185.0,2040.0,4775855
2024-01-17,2035.0,2120.0,2125.0,2005.0,1931446
2024-01-18,2025.0,2110.0,2130.0,1990.0,2719911
2024-01-19,2000.0,2025.0,2105.0,1998.0,2457855
2024-01-22,2095.0,2060.0,2315.0,2020.0,22782089
2024-01-23,2020.0,2095.0,2145.0,2000.0,4336631
2024-01-24,2220.0,2025.0,2225.0,2025.0,7152453
2024-01-25,2270.0,2130.0,2455.0,2120.0,19628595
2024-01-26,2100.0,1980.0,2155.0,1980.0,9170140
2024-01-29,1819.0,2105.0,2180.0,1800.0,10754037
2024-01-30,1274.0,1800.0,1800.0,1274.0,25329748
2024-01-31,1109.0,1086.0,1233.0,1040.0,26374306
2024-02-01,1000.0,1065.0,1136.0,980.0,10344245
2024-02-02,1300.0,1030.0,1300.0,1011.0,28792007
2024-02-05,1690.0,1471.0,1690.0,1450.0,22420351
2024-02-06,1856.0,1999.0,2040.0,1804.0,52533487
2024-02-07,2410.0,1950.0,2410.0,1917.0,55541781
2024-02-08,2745.0,2465.0,3060.0,2460.0,113900575
2024-02-13,3565.0,3070.0,3565.0,3010.0,36388493
2024-02-14,4630.0,4105.0,4630.0,3880.0,89169931
2024-02-15,4630.0,0.0,0.0,0.0,0
2024-02-16,5270.0,5210.0,6010.0,5120.0,67212215
2024-02-19,4705.0,4900.0,5500.0,4415.0,77423982
2024-02-20,5030.0,4505.0,5370.0,4275.0,109640764
2024-02-21,5500.0,4825.0,6530.0,4650.0,144736024
2024-02-22,5470.0,5590.0,6440.0,5300.0,80876056
2024-02-23,5780.0,6100.0,6700.0,5630.0,49605627
2024-02-26,5080.0,5470.0,5950.0,4875.0,44579900
2024-02-27,4075.0,4815.0,5080.0,4010.0,34542263
2024-02-28,4205.0,4310.0,4905.0,4130.0,49909916
2024-02-29,3755.0,4115.0,4380.0,3660.0,24075171
2024-03-04,3720.0,3980.0,4060.0,3575.0,17592126
2024-03-05,3270.0,3400.0,3550.0,3040.0,20675251
2024-03-06,4250.0,3235.0,4250.0,3110.0,66251647
2024-03-07,3945.0,4500.0,5090.0,3850.0,69118174
2024-03-08,5120.0,4090.0,5120.0,4045.0,97517006
2024-03-11,6200.0,5720.0,6430.0,5480.0,83142812
2024-03-12,5630.0,6020.0,6750.0,5580.0,67900413
2024-03-13,5080.0,5790.0,5900.0,4960.0,30553568
2024-03-14,5600.0,5060.0,5920.0,4525.0,73985073
2024-03-15,5450.0,5480.0,5900.0,5350.0,32582598
2024-03-18,5260.0,5380.0,5690.0,5180.0,12661988
2024-03-19,5280.0,5420.0,5720.0,5110.0,31724995
2024-03-20,5310.0,5320.0,5620.0,5120.0,20319803
2024-03-21,5200.0,5370.0,5450.0,5200.0,9666607
2024-03-22,4745.0,4415.0,5060.0,4400.0,21817945
2024-03-25,4610.0,4775.0,4895.0,4540.0,7864300
2024-03-26,5470.0,4560.0,5600.0,4400.0,46338622
2024-03-27,4990.0,5380.0,5630.0,4950.0,14246875
2024-03-28,4625.0,4620.0,4950.0,4535.0,20050849
2024-03-29,4630.0,5130.0,5190.0,4620.0,13861011
2024-04-01,4945.0,4630.0,5560.0,4630.0,41136680
2024-04-02,4835.0,4965.0,5160.0,4790.0,13995573
2024-04-03,4705.0,4835.0,4965.0,4650.0,7180662
2024-04-04,4610.0,4735.0,4785.0,4600.0,5444485
2024-04-05,4020.0,4180.0,4495.0,3650.0,37535426
2024-04-08,3750.0,3980.0,3980.0,3695.0,7200695
2024-04-09,3645.0,3550.0,4180.0,3545.0,13772049
2024-04-11,3505.0,3645.0,3700.0,3500.0,4372589
2024-04-12,3330.0,3550.0,3550.0,3330.0,5231596
2024-04-15,3330.0,3270.0,3700.0,2980.0,21784206
2024-04-16,3710.0,3255.0,4075.0,3230.0,43097992
2024-04-17,3640.0,3750.0,4120.0,3605.0,22030176
2024-04-18,3685.0,3780.0,3825.0,3625.0,7034287
2024-04-19,3650.0,3850.0,4050.0,3490.0,10606465
2024-04-22,3495.0,3570.0,3690.0,3455.0,3790636
2024-04-23,3380.0,3540.0,3555.0,3375.0,3749107
2024-04-24,3390.0,3420.0,3470.0,3360.0,4148754
2024-04-25,3385.0,3450.0,3655.0,3380.0,9677802
2024-04-26,3260.0,3390.0,3435.0,3225.0,4279974
2024-04-29,3265.0,3305.0,3360.0,3215.0,4208217
2024-04-30,3110.0,3110.0,3290.0,3080.0,5440482
2024-05-02,3000.0,3090.0,3100.0,2975.0,3675051
2024-05-03,3040.0,3020.0,3275.0,3020.0,9430968
2024-05-07,3110.0,3060.0,3260.0,3060.0,5142488
2024-05-08,3145.0,3170.0,3200.0,3020.0,4450616
2024-05-09,3715.0,3145.0,4000.0,3075.0,65069038
2024-05-10,3600.0,3855.0,3915.0,3555.0,22034794
2024-05-13,3460.0,3535.0,3755.0,3420.0,9079214
2024-05-14,3380.0,3505.0,3525.0,3365.0,4900817
2024-05-16,3385.0,3380.0,3515.0,3380.0,4409790
2024-05-17,3240.0,3385.0,3390.0,3215.0,3157646
2024-05-20,3165.0,3235.0,3245.0,3130.0,2741861
2024-05-21,3145.0,3150.0,3180.0,3080.0,2815206
2024-05-22,3075.0,3165.0,3205.0,3060.0,2051870
2024-05-23,3090.0,3080.0,3190.0,3020.0,3353223
2024-05-24,3095.0,3050.0,3230.0,3050.0,2456005
2024-05-27,3155.0,3195.0,3380.0,3125.0,9054218
2024-05-28,3100.0,3175.0,3175.0,3080.0,2391178
2024-05-29,3105.0,3105.0,3210.0,3055.0,3064648
2024-05-30,3030.0,3085.0,3105.0,3020.0,1460006
2024-05-31,3015.0,3040.0,3050.0,2960.0,1695432
2024-06-03,2945.0,3055.0,3070.0,2900.0,2137265
2024-06-04,2820.0,2945.0,2945.0,2785.0,3028334
2024-06-05,2820.0,2820.0,2960.0,2790.0,2890308
2024-06-07,2920.0,2765.0,3155.0,2765.0,9127393
2024-06-10,2950.0,2900.0,2965.0,2865.0,2154369
2024-06-11,2920.0,2985.0,3155.0,2905.0,5772568
2024-06-12,2870.0,2915.0,2975.0,2860.0,1707167
2024-06-13,2845.0,2875.0,2915.0,2840.0,1352093
2024-06-14,2750.0,2840.0,2845.0,2750.0,1629663
2024-06-17,2730.0,2745.0,2780.0,2650.0,1840984
2024-06-18,2685.0,2730.0,2755.0,2640.0,1839238
2024-06-19,2730.0,2740.0,2770.0,2645.0,1837338
2024-06-20,2725.0,2740.0,2935.0,2710.0,4755227
2024-06-21,2680.0,2725.0,2750.0,2630.0,1934144
2024-06-24,2550.0,2705.0,2705.0,2530.0,1638354
2024-06-25,2595.0,2525.0,2775.0,2485.0,7744171
2024-06-26,2545.0,2765.0,2765.0,2545.0,2645110
2024-06-27,2450.0,2505.0,2535.0,2440.0,1743464
2024-06-28,2505.0,2450.0,2545.0,2425.0,1434867
2024-07-01,2450.0,2520.0,2530.0,2440.0,955635
2024-07-02,2380.0,2450.0,2450.0,2365.0,1053655
2024-07-03,2300.0,2380.0,2395.0,2260.0,1401545
2024-07-04,2335.0,2340.0,2370.0,2265.0,2135624
2024-07-05,2295.0,2335.0,2360.0,2290.0,694497
2024-07-08,2715.0,2315.0,2930.0,2295.0,23850945
2024-07-09,2755.0,2705.0,2945.0,2655.0,9718810
2024-07-10,2680.0,2755.0,2805.0,2675.0,3288207
2024-07-11,3035.0,2730.0,3245.0,2685.0,31935157
2024-07-12,2775.0,3075.0,3095.0,2770.0,6266181
2024-07-15,2710.0,2750.0,2790.0,2670.0,2433079
2024-07-16,2615.0,2710.0,2715.0,2515.0,3114089
2024-07-17,2535.0,2605.0,2610.0,2510.0,1731757
2024-07-18,2460.0,2430.0,2500.0,2365.0,1637392
2024-07-19,2370.0,2435.0,2650.0,2360.0,4946846
2024-07-22,2455.0,2560.0,2700.0,2400.0,4888597
2024-07-23,2760.0,2565.0,2990.0,2520.0,24009941
2024-07-24,2740.0,3135.0,3375.0,2725.0,26864815
2024-07-25,2865.0,2530.0,3055.0,2520.0,17622163
2024-07-26,2760.0,2975.0,2990.0,2750.0,5954676
2024-07-29,2650.0,2770.0,2845.0,2625.0,3738513
2024-07-30,2825.0,2755.0,2990.0,2750.0,12662155
2024-07-31,2685.0,2805.0,2815.0,2670.0,3290994
2024-08-01,2850.0,2715.0,3030.0,2690.0,12493943
2024-08-02,2770.0,2820.0,2980.0,2745.0,6250814
2024-08-05,2830.0,3015.0,3230.0,2520.0,16832274
2024-08-06,2945.0,2775.0,3010.0,2775.0,6983507
2024-08-07,2925.0,2985.0,2995.0,2825.0,5240400
2024-08-08,2745.0,2875.0,2945.0,2730.0,3711793
2024-08-09,2775.0,2730.0,2910.0,2715.0,4547599
2024-08-12,2735.0,2785.0,2815.0,2690.0,2928618
2024-08-13,2590.0,2720.0,2730.0,2550.0,3260493
2024-08-14,2480.0,2615.0,2660.0,2455.0,3932661
2024-08-16,1861.0,2050.0,2250.0,1805.0,14222616
2024-08-19,1815.0,1918.0,2065.0,1803.0,8208935
2024-08-20,1903.0,1858.0,1998.0,1777.0,8919005
2024-08-21,1777.0,1903.0,1903.0,1759.0,3474896
2024-08-22,1685.0,1778.0,1789.0,1666.0,2807047
2024-08-23,1653.0,1670.0,1686.0,1614.0,1841224
2024-08-26,1721.0,1659.0,1817.0,1572.0,4933317
2024-08-27,1675.0,1684.0,1739.0,1660.0,1204579
2024-08-28,1587.0,1671.0,1675.0,1574.0,1626132
2024-08-29,1658.0,1577.0,1900.0,1514.0,7230598
2024-08-30,1638.0,1635.0,1690.0,1607.0,1690390
2024-09-02,1770.0,1640.0,1899.0,1640.0,10060851
2024-09-03,1705.0,1808.0,1821.0,1705.0,2531904
2024-09-04,1691.0,1660.0,1791.0,1604.0,2666401
2024-09-05,1618.0,1660.0,1735.0,1617.0,1231140
2024-09-06,1600.0,1619.0,1669.0,1575.0,878989
2024-09-09,1607.0,1555.0,1618.0,1548.0,806669
2024-09-10,1535.0,1607.0,1619.0,1516.0,1256337
2024-09-11,1491.0,1535.0,1616.0,1470.0,1718931
2024-09-12,1638.0,1500.0,1710.0,1496.0,4650725
2024-09-13,1570.0,1640.0,1739.0,1547.0,2662489
2024-09-19,1526.0,1571.0,1610.0,1518.0,991714
2024-09-20,1552.0,1539.0,1640.0,1507.0,2790620
2024-09-23,1532.0,1552.0,1554.0,1525.0,881155
2024-09-24,1618.0,1528.0,1715.0,1528.0,4914180
2024-09-25,1787.0,1624.0,1943.0,1607.0,12486713
2024-09-26,1880.0,1830.0,1950.0,1763.0,4489065
2024-09-27,2155.0,1880.0,2315.0,1859.0,15774999
2024-09-30,1871.0,2210.0,2215.0,1871.0,5227428
2024-10-02,1780.0,1804.0,1920.0,1763.0,3914933
2024-10-04,1752.0,1745.0,1766.0,1690.0,1753475
2024-10-07,1740.0,1750.0,1797.0,1713.0,1552219
2024-10-08,1717.0,1740.0,1749.0,1698.0,1144159
2024-10-10,1715.0,1717.0,1739.0,1691.0,1047877
2024-10-11,1750.0,1715.0,1871.0,1712.0,3453280
2024-10-14,1655.0,1750.0,1790.0,1638.0,2309946
2024-10-15,1642.0,1655.0,1749.0,1630.0,2078825
2024-10-16,1644.0,1651.0,1668.0,1610.0,1147596
2024-10-17,1715.0,1727.0,1920.0,1692.0,14107874
2024-10-18,1649.0,1729.0,1730.0,1642.0,2118286
2024-10-21,1640.0,1647.0,1660.0,1610.0,1021942
2024-10-22,1622.0,1627.0,1639.0,1600.0,1175477
2024-10-23,1639.0,1650.0,1687.0,1620.0,1069326
2024-10-24,1636.0,1625.0,1690.0,1600.0,954013
2024-10-25,1629.0,1663.0,1664.0,1618.0,581436
2024-10-28,1612.0,1624.0,1640.0,1600.0,830290
2024-10-29,1562.0,1620.0,1623.0,1547.0,1347058
2024-10-30,1534.0,1562.0,1570.0,1530.0,788768
2024-10-31,1510.0,1534.0,1544.0,1471.0,1135646
2024-11-01,1498.0,1491.0,1557.0,1486.0,1024618
2024-11-04,1591.0,1638.0,1790.0,1577.0,4048493
2024-11-05,1700.0,1564.0,1746.0,1564.0,4117030
2024-11-06,1590.0,1717.0,1720.0,1585.0,1737271
2024-11-07,1591.0,1617.0,1662.0,1571.0,1062261
2024-11-08,1591.0,1580.0,1612.0,1570.0,872909
2024-11-11,1568.0,1618.0,1643.0,1543.0,1458015
2024-11-12,1482.0,1560.0,1566.0,1476.0,1459554
2024-11-13,1387.0,1450.0,1460.0,1380.0,1290276
2024-11-14,1395.0,1387.0,1440.0,1357.0,948422
2024-11-15,1460.0,1381.0,1460.0,1329.0,1333595
2024-11-18,1500.0,1485.0,1634.0,1441.0,4794092
2024-11-19,1476.0,1504.0,1539.0,1470.0,1325303
2024-11-20,1476.0,0.0,0.0,0.0,0
2024-11-21,1349.0,1406.0,1650.0,1152.0,8860310
2024-11-22,1345.0,1369.0,1400.0,1335.0,2305693
2024-11-25,1375.0,1345.0,1477.0,1342.0,2750769
2024-11-26,1348.0,1387.0,1403.0,1333.0,1595640
2024-11-27,1316.0,1326.0,1342.0,1308.0,1014327
2024-11-28,1311.0,1325.0,1379.0,1300.0,933896
2024-11-29,1254.0,1306.0,1306.0,1222.0,893738
2024-12-02,1313.0,1298.0,1363.0,1254.0,1793990
2024-12-03,1305.0,1385.0,1390.0,1304.0,1831665
2024-12-04,1261.0,1235.0,1301.0,1235.0,980972
2024-12-05,1192.0,1252.0,1263.0,1190.0,1050434
2024-12-06,1149.0,1190.0,1227.0,1129.0,1382761
2024-12-09,1214.0,1142.0,1403.0,1099.0,7955703
2024-12-10,1235.0,1174.0,1288.0,1174.0,2299822
2024-12-11,1605.0,1261.0,1605.0,1252.0,13027990
2024-12-12,1774.0,1645.0,1999.0,1643.0,26185224
2024-12-13,1863.0,1753.0,2095.0,1735.0,11197939
2024-12-16,1909.0,1949.0,1949.0,1807.0,5135516
2024-12-17,1904.0,1890.0,1920.0,1841.0,2427398
2024-12-18,1588.0,1766.0,1806.0,1474.0,10032825
2024-12-19,1542.0,1545.0,1632.0,1499.0,6174118
2024-12-20,1466.0,1542.0,1548.0,1432.0,2479670
2024-12-23,1486.0,1495.0,1518.0,1445.0,1853499
2024-12-24,1460.0,1471.0,1515.0,1436.0,1269672
2024-12-26,1575.0,1460.0,1730.0,1441.0,12059555
2024-12-27,1522.0,1640.0,1747.0,1521.0,4370575
2024-12-30,1500.0,1462.0,1594.0,1462.0,1654320
2025-01-02,1460.0,1499.0,1499.0,1440.0,1403050
2025-01-03,1451.0,1460.0,1482.0,1441.0,1225534
2025-01-06,1481.0,1454.0,1519.0,1451.0,1887831
2025-01-07,1470.0,1548.0,1548.0,1458.0,1827691
2025-01-08,1448.0,1460.0,1467.0,1446.0,947499
2025-01-09,1406.0,1448.0,1448.0,1395.0,1044394
2025-01-10,1405.0,1420.0,1428.0,1400.0,461076
2025-01-13,1392.0,1410.0,1420.0,1391.0,614419
2025-01-14,1400.0,1392.0,1410.0,1382.0,469145
2025-01-15,1386.0,1389.0,1404.0,1378.0,469123
2025-01-16,1385.0,1385.0,1400.0,1381.0,575805
2025-01-17,1388.0,1385.0,1418.0,1378.0,932716
2025-01-20,1376.0,1389.0,1393.0,1371.0,426396
2025-01-21,1335.0,1387.0,1387.0,1330.0,684267
2025-01-22,1373.0,1335.0,1440.0,1335.0,1094778
2025-01-23,1365.0,1390.0,1420.0,1361.0,510144
2025-01-24,1358.0,1360.0,1380.0,1340.0,554510
2025-01-31,1336.0,1358.0,1360.0,1330.0,412972
2025-02-03,1269.0,1337.0,1337.0,1268.0,520841
2025-02-04,1312.0,1269.0,1338.0,1269.0,608826
2025-02-05,1308.0,1312.0,1333.0,1307.0,316439
2025-02-06,1281.0,1323.0,1323.0,1280.0,423399
2025-02-07,1270.0,1299.0,1299.0,1260.0,404897
2025-02-10,1250.0,1270.0,1270.0,1230.0,393699
2025-02-11,1302.0,1250.0,1387.0,1250.0,1649876
2025-02-12,1249.0,1260.0,1294.0,1249.0,805806
2025-02-13,1225.0,1245.0,1255.0,1207.0,652931
2025-02-14,1228.0,1239.0,1247.0,1218.0,417173
2025-02-17,1450.0,1228.0,1500.0,1227.0,7745210
2025-02-18,1367.0,1446.0,1470.0,1360.0,2313001
2025-02-19,1334.0,1366.0,1368.0,1305.0,1065487
2025-02-20,1284.0,1363.0,1372.0,1270.0,1168344
2025-02-21,1288.0,1284.0,1326.0,1275.0,968622
2025-02-24,1282.0,1281.0,1294.0,1262.0,459584
2025-02-25,1288.0,1299.0,1371.0,1280.0,688950
2025-02-26,1257.0,1300.0,1300.0,1250.0,584993
2025-02-27,1248.0,1252.0,1266.0,1237.0,477867
2025-02-28,1228.0,1250.0,1274.0,1226.0,538505
2025-03-04,1175.0,1214.0,1240.0,1160.0,722317
2025-03-05,1173.0,1187.0,1190.0,1170.0,269942
2025-03-06,1190.0,1185.0,1255.0,1175.0,578177
2025-03-07,1140.0,1180.0,1180.0,1140.0,715420
2025-03-10,1113.0,1140.0,1160.0,1100.0,704672
2025-03-11,1361.0,1113.0,1430.0,1073.0,8631708
2025-03-12,1275.0,1340.0,1473.0,1268.0,7875333
2025-03-13,1226.0,1268.0,1318.0,1225.0,2259621
2025-03-14,1226.0,1235.0,1256.0,1173.0,1068432
2025-03-17,1195.0,1226.0,1227.0,1180.0,955491
2025-03-18,1200.0,1203.0,1212.0,1180.0,596876
2025-03-19,1206.0,1200.0,1209.0,1182.0,512738
2025-03-20,1200.0,1225.0,1235.0,1182.0,913123
2025-03-21,1184.0,1215.0,1215.0,1177.0,661114
2025-03-24,1220.0,1193.0,1228.0,1164.0,940786
2025-03-25,1195.0,1222.0,1229.0,1186.0,495555
2025-03-26,1310.0,1195.0,1415.0,1195.0,11084252
2025-03-27,1259.0,1297.0,1338.0,1240.0,1896974
2025-03-28,1247.0,1249.0,1276.0,1210.0,849494
2025-03-31,1222.0,1250.0,1277.0,1207.0,959306
2025-04-01,1272.0,1223.0,1324.0,1217.0,1271390
2025-04-02,1238.0,1274.0,1280.0,1230.0,982658
2025-04-03,1301.0,1309.0,1480.0,1300.0,9196383
2025-04-04,1295.0,1250.0,1320.0,1250.0,1696422
2025-04-07,1207.0,1251.0,1279.0,1203.0,1385734
2025-04-08,1195.0,1207.0,1248.0,1186.0,936251
2025-04-09,1178.0,1211.0,1211.0,1157.0,657898
2025-04-10,1212.0,1231.0,1235.0,1197.0,1060831
2025-04-11,1220.0,1190.0,1240.0,1190.0,768658
2025-04-14,1216.0,1219.0,1229.0,1205.0,835919
2025-04-15,1235.0,1216.0,1235.0,1198.0,759366
2025-04-16,1244.0,1320.0,1349.0,1239.0,3136485
2025-04-17,1256.0,1242.0,1264.0,1221.0,538748
2025-04-18,1255.0,1241.0,1261.0,1227.0,589055
2025-04-21,1264.0,1269.0,1320.0,1244.0,998238
2025-04-22,1253.0,1238.0,1276.0,1234.0,580211
2025-04-23,1238.0,1275.0,1297.0,1232.0,808769
2025-04-24,1211.0,1248.0,1252.0,1210.0,720990
2025-04-25,1212.0,1211.0,1223.0,1202.0,407305
2025-04-28,1181.0,1216.0,1216.0,1181.0,522165
2025-04-29,1182.0,1185.0,1201.0,1164.0,361320
2025-04-30,1203.0,1186.0,1213.0,1166.0,568156
2025-05-02,1192.0,1204.0,1230.0,1182.0,450098
2025-05-07,1203.0,1192.0,1220.0,1183.0,603311
2025-05-08,1194.0,1206.0,1212.0,1190.0,374774
2025-05-09,1206.0,1200.0,1213.0,1158.0,939535
2025-05-12,1192.0,1199.0,1211.0,1170.0,510711
2025-05-13,1192.0,1199.0,1210.0,1185.0,412408
2025-05-14,1219.0,1192.0,1256.0,1185.0,1195685
2025-05-15,1267.0,1209.0,1349.0,1205.0,3917892
2025-05-16,1223.0,1267.0,1300.0,1211.0,984666
2025-05-19,1236.0,1224.0,1236.0,1193.0,1270777
2025-05-20,1489.0,1389.0,1606.0,1366.0,37431929
2025-05-21,1815.0,1552.0,1920.0,1489.0,45571071
2025-05-22,1749.0,1815.0,1893.0,1749.0,10515242
2025-05-23,1429.0,1767.0,1873.0,1429.0,16335149
2025-05-26,1365.0,1430.0,1489.0,1350.0,4533093
2025-05-27,1575.0,1356.0,1703.0,1345.0,25746265
2025-05-28,1551.0,1571.0,1698.0,1545.0,8272028
2025-05-29,1494.0,1420.0,1538.0,1414.0,3493885
2025-05-30,1430.0,1506.0,1693.0,1419.0,14838729
2025-06-02,1345.0,1421.0,1426.0,1335.0,2802683
2025-06-04,1383.0,1366.0,1437.0,1356.0,3465110
2025-06-05,1330.0,1378.0,1392.0,1312.0,2248404
2025-06-09,1349.0,1330.0,1370.0,1301.0,1376296
2025-06-10,1457.0,1400.0,1595.0,1375.0,10875916
2025-06-11,1434.0,1461.0,1490.0,1432.0,1682001
2025-06-12,1583.0,1465.0,1690.0,1440.0,22208244
2025-06-13,1600.0,1776.0,1900.0,1600.0,17457747
2025-06-16,1577.0,1560.0,1624.0,1503.0,3070565
2025-06-17,1530.0,1575.0,1663.0,1515.0,4359887
2025-06-18,1511.0,1530.0,1560.0,1505.0,1280635
2025-06-19,1481.0,1512.0,1527.0,1456.0,1228520
2025-06-20,1493.0,1482.0,1502.0,1450.0,1275953
2025-06-23,1493.0,0.0,0.0,0.0,0
2025-06-24,1493.0,0.0,0.0,0.0,0
2025-06-25,1493.0,0.0,0.0,0.0,0
2025-06-26,1493.0,0.0,0.0,0.0,0
2025-06-27,1493.0,0.0,0.0,0.0,0
2025-06-30,1493.0,0.0,0.0,0.0,0
2025-07-01,1493.0,0.0,0.0,0.0,0
2025-07-02,1493.0,0.0,0.0,0.0,0
2025-07-03,1493.0,0.0,0.0,0.0,0
2025-07-04,1493.0,0.0,0.0,0.0,0
2025-07-07,1493.0,0.0,0.0,0.0,0
2025-07-08,1493.0,0.0,0.0,0.0,0
2025-07-09,1493.0,0.0,0.0,0.0,0
2025-07-10,1493.0,0.0,0.0,0.0,0
2025-07-11,1493.0,0.0,0.0,0.0,0
2025-07-14,1493.0,0.0,0.0,0.0,0
